node_id_org,node_id_dest,distance,signal,highway,max_speed,lanes,width,bridge,tunnel,surface,service,foot,bicycle
5504840942,5504840935,7.6937,0,"footway",,,,,,,,,,
5504840935,5504840942,7.6937,0,"footway",,,,,,,,,,
5504840935,2753426645,6.286961,0,"footway",,,,,,,,,,
2753426645,5504840935,6.286961,0,"footway",,,,,,,,,,
5504840938,5504840937,9.173449,0,"footway",,,,,,,,,,
5504840937,5504840938,9.173449,0,"footway",,,,,,,,,,
5504840937,5504840936,7.306075,0,"footway",,,,,,,,,,
5504840936,5504840937,7.306075,0,"footway",,,,,,,,,,
5504840935,5504840937,14.146415,0,"footway",,,,,,,,,,
5504840937,5504840935,14.146415,0,"footway",,,,,,,,,,
5504840937,5504840934,13.857945,0,"footway",,,,,,,,,,
5504840934,5504840937,13.857945,0,"footway",,,,,,,,,,
2338318700,5483051389,19.648011000000004,0,"unclassified",,,,,,,,,,
5483051389,5483051380,34.726685,0,"unclassified",,,,,,,,,,
5483051380,5483051379,6.086839,0,"unclassified",,,,,,,,,,
775968273,1006470866,23.911795,0,"tertiary",,"2",,,,,,,,
1006470866,775968273,23.911795,0,"tertiary",,"2",,,,,,,,
1006470866,1006470896,60.251636,0,"tertiary",,"2",,,,,,,,
1006470896,1006470866,60.251636,0,"tertiary",,"2",,,,,,,,
1006470896,5483051376,61.813585,0,"tertiary",,"2",,,,,,,,
5483051376,1006470896,61.813585,0,"tertiary",,"2",,,,,,,,
5483051368,5483051357,2.849526,0,"footway",,,,,,,,,,
5483051357,5483051368,2.849526,0,"footway",,,,,,,,,,
5483051357,5483051349,16.449067,0,"footway",,,,,,,,,,
5483051349,5483051357,16.449067,0,"footway",,,,,,,,,,
5483051357,5483051349,18.35199,0,"footway",,,,,,,,,,
5483051349,5483051340,50.88874499999999,0,"footway",,,,,,,,,,
5483051340,5483051349,50.88874499999999,0,"footway",,,,,,,,,,
5473182187,5473182186,52.916681,0,"footway",,,,,,,,,,
5473182186,5473182187,52.916681,0,"footway",,,,,,,,,,
5473182185,5473182184,48.497241,0,"footway",,,,,,,,,,
5473182184,5473182185,48.497241,0,"footway",,,,,,,,,,
2800228964,5473182183,116.496234,0,"footway",,,,,,,,,,
5473182183,2800228964,116.496234,0,"footway",,,,,,,,,,
5473182183,5473182182,103.529517,0,"footway",,,,,,,,,,
5473182182,5473182183,103.529517,0,"footway",,,,,,,,,,
1529767422,1529767390,23.751902,0,"residential",,,"6",,,,,,,
1529767467,1529767460,22.519021,0,"residential",,,"6",,,,,,,
1529767460,358578151,21.197022,0,"residential",,,"6",,,,,,,
734963725,297034238,38.39797,1,"tertiary",,,,,,,,,,
297034238,2753426525,51.964923,0,"tertiary",,,,,,,,,,
2753426525,734963725,13.566953,0,"tertiary",,,,,,,,,,
2753426525,2753426530,28.834506,0,"tertiary",,,,,,,,,,
2753426530,2753426525,28.834506,0,"tertiary",,,,,,,,,,
2753426530,2753426535,11.720389,0,"tertiary",,,,,,,,,,
2753426535,2753426530,11.720389,0,"tertiary",,,,,,,,,,
2753426535,775968269,79.578463,1,"tertiary",,,,,,,,,,
775968269,2753426535,79.578463,0,"tertiary",,,,,,,,,,
1271824318,297034238,157.80879,1,"tertiary",,,,,,,,,,
297034238,1271824318,157.80879,1,"tertiary",,,,,,,,,,
1271824318,297034258,127.542735,1,"tertiary",,"2",,,,,,,,
297034258,1271824318,127.542735,1,"tertiary",,"2",,,,,,,,
297034258,358512540,200.35231100000001,1,"tertiary",,"2",,,,,,,,
358512540,297034258,200.35231100000001,1,"tertiary",,"2",,,,,,,,
2338318695,1714813975,17.504286,0,"tertiary",,"2",,,,,,,,
1714813975,1271824318,46.713864,1,"tertiary",,"2",,,,,,,,
1271824318,1714813975,46.713864,0,"tertiary",,"2",,,,,,,,
1582414644,356930564,98.070472,1,"tertiary",,"2",,,,"paved",,,,
1582414639,1582414644,23.257616,1,"tertiary",,"2",,,,"paved",,,,
1582414615,1582414639,40.004476,1,"tertiary",,"2",,,,"paved",,,,
1582414610,1582414615,29.23772,0,"tertiary",,"2",,,,"paved",,,,
1582414591,1582414610,30.25564,0,"tertiary",,"2",,,,"paved",,,,
1582414565,1582414591,35.144149,0,"tertiary",,"2",,,,"paved",,,,
2616332748,1582414565,21.588409,0,"tertiary",,"2",,,,"paved",,,,
356930530,2616332748,58.281845000000004,0,"tertiary",,"2",,,,"paved",,,,
1582414490,356930530,32.084867,0,"tertiary",,"2",,,,"paved",,,,
1582414453,1582414490,57.670867,0,"tertiary",,"2",,,,"paved",,,,
1582414432,1582414453,55.771978000000004,0,"tertiary",,"2",,,,"paved",,,,
5344996789,1582414432,26.25134,0,"tertiary",,"2",,,,"paved",,,,
769071776,769420716,47.058141,0,"tertiary",,"2",,,,,,,,
769420716,769071776,47.058141,0,"tertiary",,"2",,,,,,,,
769420716,2274662334,71.408758,0,"tertiary",,"2",,,,,,,,
2274662334,769420716,71.408758,0,"tertiary",,"2",,,,,,,,
358578021,358578007,58.325815999999996,0,"unclassified",,,,,,,,,,
1529767466,358577973,44.651145,0,"unclassified",,"1",,,,,,,,
358578007,1529767466,59.4411,0,"unclassified",,"1",,,,,,,,
769071772,769071788,95.100219,0,"residential",,,,,,,,,,
769071765,769071772,79.324122,0,"residential",,,,,,,,,,
1582414473,769420714,77.334792,0,"unclassified",,,,,,,,,,
1006470887,1582414421,524.3388399999999,6,"trunk",,"2",,,,"paved",,,,
1582414421,598961907,72.203983,1,"trunk",,"2",,,,"paved",,,,
1582414421,358512540,53.306282,1,"trunk",,"2",,,,"paved",,,,
358512540,1582414421,53.306282,1,"trunk",,"2",,,,"paved",,,,
358512540,358512472,24.048532,0,"trunk",,"2",,,,"paved",,,,
358512472,358512540,24.048532,1,"trunk",,"2",,,,"paved",,,,
358512472,297034296,185.881682,1,"trunk",,"2",,,,"paved",,,,
297034296,358512472,185.881682,0,"trunk",,"2",,,,"paved",,,,
2916531683,1529767199,5.23714,1,"service",,,,,,,,,,
2921439185,2921439190,62.634023,0,"residential",,,,,,,,,,
2921439190,2921439185,62.634023,0,"residential",,,,,,,,,,
1687194634,2916470134,10.464957,0,"footway",,,,,,"paving_stones",,,,
2916470134,1687194634,10.464957,0,"footway",,,,,,"paving_stones",,,,
2916470134,2916470160,18.477293,0,"footway",,,,,,"paving_stones",,,,
2916470160,2916470134,18.477293,0,"footway",,,,,,"paving_stones",,,,
2916470160,2916470172,60.909404,0,"footway",,,,,,"paving_stones",,,,
2916470172,2916470160,60.909404,0,"footway",,,,,,"paving_stones",,,,
2374284799,2916470166,2.093861,0,"path",,,,,,"paving_stones",,"designated","designated",
2916470166,2374284799,2.093861,0,"path",,,,,,"paving_stones",,"designated","designated",
2916470166,2916470167,23.839562,0,"path",,,,,,"paving_stones",,"designated","designated",
2916470167,2916470166,23.839562,0,"path",,,,,,"paving_stones",,"designated","designated",
1529767194,2916531686,5.12826,1,"residential",,,,,,,,,,
1529767369,1529767194,81.744153,1,"residential",,,,,,,,,,
1529767427,1529767369,31.983817,0,"residential",,,,,,,,,,
358578059,1529767427,66.680787,0,"residential",,,,,,,,,,
2916531679,2916531686,25.942024,1,"tertiary",,"1",,,,"paved",,,,
2916531676,2916531679,79.943429,0,"tertiary",,"1",,,,"paved",,,,
2916531677,2916531676,41.259728,1,"tertiary",,"1",,,,"paved",,,,
727141484,1529767199,39.497105,1,"tertiary",,"1",,,,"paved",,,,
728337730,727141484,16.909265,0,"tertiary",,"1",,,,"paved",,,,
2916531684,728337730,104.20715200000001,1,"tertiary",,"1",,,,"paved",,,,
2916531683,2916531684,56.15043,1,"tertiary",,"1",,,,"paved",,,,
2916531686,2916531681,21.410204,0,"tertiary",,"1",,,,"paved",,,,
2916531681,2916531683,74.370162,1,"tertiary",,"1",,,,"paved",,,,
356930564,1686972077,85.35231300000001,0,"tertiary",,"2",,,,"paved",,,,
1686972077,1582414662,26.059761,1,"tertiary",,"2",,,,"paved",,,,
1582414662,1686972077,26.059761,0,"tertiary",,"2",,,,"paved",,,,
1582414662,2388871694,23.464374,0,"tertiary",,"2",,,,"paved",,,,
2388871694,1582414662,23.464374,1,"tertiary",,"2",,,,"paved",,,,
2388871694,2388871695,37.393686,0,"tertiary",,"2",,,,"paved",,,,
2388871695,2388871694,37.393686,0,"tertiary",,"2",,,,"paved",,,,
2388871695,1686972117,25.882627,0,"tertiary",,"2",,,,"paved",,,,
1686972117,2388871695,25.882627,0,"tertiary",,"2",,,,"paved",,,,
1686972117,769071791,59.661529,1,"tertiary",,"2",,,,"paved",,,,
769071791,1686972117,59.661529,0,"tertiary",,"2",,,,"paved",,,,
769071791,769071767,72.818511,1,"tertiary",,"2",,,,"paved",,,,
769071767,769071791,72.818511,1,"tertiary",,"2",,,,"paved",,,,
769071767,2916531677,41.077871,0,"tertiary",,"2",,,,"paved",,,,
2916531677,769071767,41.077871,1,"tertiary",,"2",,,,"paved",,,,
2915346993,2915346992,105.496575,0,"path",,,"2.6",,,"paving_stones",,"designated","designated",
2915346992,2915346993,105.496575,0,"path",,,"2.6",,,"paving_stones",,"designated","designated",
2915346992,2915345632,26.777427,0,"path",,,"2.6",,,"paving_stones",,"designated","designated",
2915345632,2915346992,26.777427,0,"path",,,"2.6",,,"paving_stones",,"designated","designated",
2915345253,2915345251,114.710077,0,"footway",,,"1.8",,,"paving_stones",,,,
2915345251,2915345253,114.710077,0,"footway",,,"1.8",,,"paving_stones",,,,
2915345632,2915345633,77.322878,0,"footway",,,"1.8",,,"paving_stones",,,,
2915345633,2915345632,77.322878,0,"footway",,,"1.8",,,"paving_stones",,,,
2915345633,2915345634,32.01392,0,"footway",,,"1.8",,,"paving_stones",,,,
2915345634,2915345633,32.01392,0,"footway",,,"1.8",,,"paving_stones",,,,
2915345634,2915345636,73.261959,0,"footway",,,"1.8",,,"paving_stones",,,,
2915345636,2915345634,73.261959,0,"footway",,,"1.8",,,"paving_stones",,,,
297034296,297034258,204.381683,1,"primary",,"4",,,,"paved",,,,
297034258,297034296,204.381683,1,"primary",,"4",,,,"paved",,,,
297034258,2733553642,124.611561,0,"primary",,"4",,,,"paved",,,,
2733553642,297034258,124.611561,1,"primary",,"4",,,,"paved",,,,
2733553642,297034238,40.269784,1,"primary",,"4",,,,"paved",,,,
297034238,2733553642,40.269784,0,"primary",,"4",,,,"paved",,,,
1529767467,2800228964,25.308834,0,"footway",,,"1.7",,,"paved",,,,
2800228964,1529767467,25.308834,0,"footway",,,"1.7",,,"paved",,,,
297034228,2730979773,48.102923999999994,0,"residential",,,,,,,,,,
2730979773,297034228,48.102923999999994,0,"residential",,,,,,,,,,
2730979773,1006470859,16.199987,0,"residential",,,,,,,,,,
1006470859,2730979773,16.199987,0,"residential",,,,,,,,,,
1006470859,775968273,54.72183,0,"residential",,,,,,,,,,
1006470866,1006470859,80.72004000000001,0,"residential",,,,,,,,,,
775968273,1006470859,54.72183,0,"residential",,,,,,,,,,
1006470859,1006470866,80.72004000000001,0,"residential",,,,,,,,,,
2730979775,2730979773,20.43559,0,"footway",,,,,,,,,,
2730979773,2730979775,20.43559,0,"footway",,,,,,,,,,
2730979775,2730979775,78.846522,0,,,,,,,,,,,
2730979775,2730979775,78.846522,0,,,,,,,,,,,
2751853049,2751853050,71.550147,0,"footway",,,,,,,,,,
2751853050,2751853049,71.550147,0,"footway",,,,,,,,,,
2751853050,2751853051,1.425637,0,"footway",,,,,,,,,,
2751853051,2751853050,1.425637,0,"footway",,,,,,,,,,
2751853050,5483051377,174.03064899999998,0,"footway",,,,,,,,,,
5483051377,2751853050,174.03064899999998,0,"footway",,,,,,,,,,
2733451751,2751853051,56.665905,0,"footway",,,,,,,,,,
2751853051,2733451751,56.665905,0,"footway",,,,,,,,,,
2733576344,2736245777,26.943604,0,"service",,,,,,,,,,
2736245777,2733576344,26.943604,0,"service",,,,,,,,,,
2736245764,1376708212,5.821857,0,,,,,,,,,,,
1376708212,2736245764,5.821857,0,,,,,,,,,,,
1376708212,1376708211,2.491245,0,,,,,,,,,,,
1376708211,1376708212,2.491245,0,,,,,,,,,,,
1376708211,1376708203,1.591899,0,,,,,,,,,,,
1376708203,1376708211,1.591899,0,,,,,,,,,,,
1376708203,1376708200,2.422553,0,,,,,,,,,,,
1376708200,1376708203,2.422553,0,,,,,,,,,,,
1376708200,1376708195,1.774734,0,,,,,,,,,,,
1376708195,1376708200,1.774734,0,,,,,,,,,,,
1376708195,1376708192,1.720688,0,,,,,,,,,,,
1376708192,1376708195,1.720688,0,,,,,,,,,,,
1376708192,1376708189,4.900789,0,,,,,,,,,,,
1376708189,1376708192,4.900789,0,,,,,,,,,,,
1376708189,1376708197,2.538493,0,,,,,,,,,,,
1376708197,1376708189,2.538493,0,,,,,,,,,,,
1376708197,1376708194,3.166863,0,,,,,,,,,,,
1376708194,1376708197,3.166863,0,,,,,,,,,,,
1376708194,1376708188,1.895664,0,,,,,,,,,,,
1376708188,1376708194,1.895664,0,,,,,,,,,,,
1376708188,2736245762,1.339252,0,,,,,,,,,,,
2736245762,1376708188,1.339252,0,,,,,,,,,,,
2736245764,2736245762,229.04021100000003,0,,,,,,,,,,,
2733576341,2736207385,19.371577,0,"service",,,,,,,,,,
2736207385,2733576341,19.371577,0,"service",,,,,,,,,,
2733576360,2733576375,69.84313700000001,0,"service",,,,,,,,,,
2733576375,2733576360,69.84313700000001,0,"service",,,,,,,,,,
2733576375,2733576374,6.492566,0,"service",,,,,,,,,,
2733576374,2733576375,6.492566,0,"service",,,,,,,,,,
2733576359,2733576342,34.756237,0,"footway",,,,,,,,,,
2733576342,2733576359,34.756237,0,"footway",,,,,,,,,,
2733576361,2733576374,58.584727,0,"service",,,,,,,,,,
2733576374,2733576361,58.584727,0,"service",,,,,,,,,,
2733576374,2733576381,84.755875,0,"service",,,,,,,,,,
2733576381,2733576374,84.755875,0,"service",,,,,,,,,,
2733576381,2733576380,18.387356,0,"service",,,,,,,,,,
2733576380,2733576381,18.387356,0,"service",,,,,,,,,,
2733576380,2733576378,93.011179,0,"service",,,,,,,,,,
2733576378,2733576380,93.011179,0,"service",,,,,,,,,,
2733576387,2733576386,35.130559,0,"service",,,,,,,,,,
2733576386,2733576387,35.130559,0,"service",,,,,,,,,,
2733576386,2733576378,61.021944,0,"service",,,,,,,,,,
2733576378,2733576386,61.021944,0,"service",,,,,,,,,,
2733576378,2733576370,61.766903,0,"service",,,,,,,,,,
2733576370,2733576378,61.766903,0,"service",,,,,,,,,,
2733576370,2733576344,58.302068,0,"service",,,,,,,,,,
2733576344,2733576370,58.302068,0,"service",,,,,,,,,,
2733576361,2733576359,5.583893,0,"service",,,,,,,,,,
2733576359,2733576361,5.583893,0,"service",,,,,,,,,,
2736207385,2733576359,55.975498,0,"service",,,,,,,,,,
2736207379,2736207385,20.311754,0,"service",,,,,,,,,,
2733576344,2736207379,51.322322,0,"service",,,,,,,,,,
2733451682,2733451688,118.216307,0,"footway",,,,,,"paving_stones",,,,
2733451688,2733451682,118.216307,0,"footway",,,,,,"paving_stones",,,,
5483051377,2751853049,98.739057,0,"footway",,,,,,,,,,
2751853049,5483051377,98.739057,0,"footway",,,,,,,,,,
2751853049,2733451753,93.42109,0,"footway",,,,,,,,,,
2733451753,2751853049,93.42109,0,"footway",,,,,,,,,,
2733451753,5483051380,7.47822,0,"footway",,,,,,,,,,
5483051380,2733451753,7.47822,0,"footway",,,,,,,,,,
2733451751,5483051380,14.521599,0,"footway",,,,,,,,,,
2736245777,2733451751,120.62477499999999,0,"footway",,,,,,,,,,
2733576317,2733576320,8.169102,0,"service",,,,,,,,,,
2733576341,2733576342,66.32602299999999,0,"footway",,,,,,,,,,
2733576342,2733576341,66.32602299999999,0,"footway",,,,,,,,,,
2733576342,2733576328,29.674207,0,"footway",,,,,,,,,,
2733576328,2733576342,29.674207,0,"footway",,,,,,,,,,
2733576320,2733576328,13.30648,0,"footway",,,,,,,,,,
2733451696,2733451728,33.891188,0,"footway",,,,,,"paving_stones",,,,
2733451728,2733451696,33.891188,0,"footway",,,,,,"paving_stones",,,,
2733451730,2733451750,6.890625,0,"service",,"1",,,,,,,,
2733451684,2733451730,5.541555,0,"service",,"1",,,,,,,,
2733451666,2733451684,9.952403,0,"service",,"1",,,,,,,,
2733451639,2733451666,8.948908,0,"service",,"1",,,,,,,,
2733451682,2733451646,14.224182,0,"service",,"1",,,,,,,,
2733451725,2733451682,6.102674,0,"service",,"1",,,,,,,,
2733451748,2733451725,6.894465,0,"service",,"1",,,,,,,,
1376708231,2733451687,36.739128,0,"footway",,,,,,"paving_stones",,,,
2733451687,1376708231,36.739128,0,"footway",,,,,,"paving_stones",,,,
2733451684,2733451687,46.677975,0,"footway",,,,,,"paving_stones",,,,
2733451630,2733451675,20.76656,0,"footway",,,,,,"paving_stones",,,,
2733451675,2733451630,20.76656,0,"footway",,,,,,"paving_stones",,,,
2733451675,2733451687,9.525539,0,"footway",,,,,,"paving_stones",,,,
2733451687,2733451675,9.525539,0,"footway",,,,,,"paving_stones",,,,
2733451742,1376708231,5.964855,0,"footway",,,,,,,,,,
1376708231,2733451742,5.964855,0,"footway",,,,,,,,,,
2733451575,2736245763,104.27338700000001,0,"footway",,,,,,,,,,
2736245763,2733451575,104.27338700000001,0,"footway",,,,,,,,,,
2736245763,2733451696,36.892922999999996,0,"footway",,,,,,,,,,
2733451696,2736245763,36.892922999999996,0,"footway",,,,,,,,,,
2733451696,2733451747,36.188433,0,"footway",,,,,,,,,,
2733451747,2733451696,36.188433,0,"footway",,,,,,,,,,
2733451737,2733451742,15.098932,0,"footway",,,,,,,,,,
2733451742,2733451737,15.098932,0,"footway",,,,,,,,,,
2733451742,2733451730,83.278458,0,"footway",,,,,,,,,,
2733451730,2733451742,83.278458,0,"footway",,,,,,,,,,
2733451730,2733451725,17.822092,0,"footway",,,,,,,,,,
2733451725,2733451730,17.822092,0,"footway",,,,,,,,,,
2733451725,2733451688,121.308486,0,"footway",,,,,,,,,,
2733451688,2733451725,121.308486,0,"footway",,,,,,,,,,
2733451688,2733451632,30.459727,0,"footway",,,,,,,,,,
2733451632,2733451688,30.459727,0,"footway",,,,,,,,,,
2733451632,2733451583,65.203526,0,"footway",,,,,,,,,,
2733451583,2733451632,65.203526,0,"footway",,,,,,,,,,
2733451583,2733451575,5.876843,0,"footway",,,,,,,,,,
2733451575,2733451583,5.876843,0,"footway",,,,,,,,,,
2733451666,2733451675,48.507413,0,"footway",,,,,,,,,,
2733451675,2733451666,48.507413,0,"footway",,,,,,,,,,
2733451675,2733451637,38.206674,0,"footway",,,,,,,,,,
2733451637,2733451675,38.206674,0,"footway",,,,,,,,,,
2733451632,2733451634,5.211165,0,"service",,,,,,"concrete",,,,
2733451634,2733451632,5.211165,0,"service",,,,,,"concrete",,,,
769071773,2916531677,41.582314,0,"tertiary",,"1",,,,"paved",,,,
2915345251,769071773,104.243393,1,"tertiary",,"1",,,,"paved",,,,
1529767194,2915345251,1.640619,0,"tertiary",,"1",,,,"paved",,,,
358521893,358535437,110.127544,0,"primary",,"2",,,,"paved",,,,
358535437,1529768012,23.189185,0,"primary",,"2",,,,"paved",,,,
1529768012,358521893,133.316729,1,"primary",,"2",,,,"paved",,,,
1529768012,1529767538,307.873475,1,"primary",,"2",,,,"paved",,,,
1529767538,1529768012,307.873475,0,"primary",,"2",,,,"paved",,,,
1529767538,2616332753,68.598471,0,"primary",,"2",,,,"paved",,,,
2616332753,1529767538,68.598471,1,"primary",,"2",,,,"paved",,,,
2616332753,1529767297,89.635374,0,"primary",,"2",,,,"paved",,,,
1529767297,2616332753,89.635374,0,"primary",,"2",,,,"paved",,,,
2616332748,2616332746,47.513216,0,"residential",,,,,,,,,,
2616332746,2616332748,47.513216,0,"residential",,,,,,,,,,
2616151140,2388871837,17.210139,0,"residential",,,,,,,,,,
2388871837,2616151140,17.210139,0,"residential",,,,,,,,,,
2388871837,2616151138,57.700216,0,"residential",,,,,,,,,,
2616151138,2388871837,57.700216,0,"residential",,,,,,,,,,
2388871837,2388871702,61.638309,0,"residential",,,,,,,,,,
2388871702,2388871837,61.638309,0,"residential",,,,,,,,,,
2388871702,2388871695,6.946506,0,"residential",,,,,,,,,,
2388871695,2388871702,6.946506,0,"residential",,,,,,,,,,
2388871699,2388871694,6.856933,0,"service",,,,,,,"driveway",,,
2388871694,2388871699,6.856933,0,"service",,,,,,,"driveway",,,
2388544664,2388544710,24.214826,0,"footway",,,,,,,,,,
2388544710,2388544664,24.214826,0,"footway",,,,,,,,,,
2388544710,2388544733,25.793656,0,"footway",,,,,,,,,,
2388544733,2388544710,25.793656,0,"footway",,,,,,,,,,
2388544733,2388544754,26.470382,0,"footway",,,,,,,,,,
2388544754,2388544733,26.470382,0,"footway",,,,,,,,,,
2388544754,2388544777,27.43088,0,"footway",,,,,,,,,,
2388544777,2388544754,27.43088,0,"footway",,,,,,,,,,
2388544777,2388544802,25.783022000000003,0,"footway",,,,,,,,,,
2388544802,2388544777,25.783022000000003,0,"footway",,,,,,,,,,
2388544802,2388544821,25.574896,0,"footway",,,,,,,,,,
2388544821,2388544802,25.574896,0,"footway",,,,,,,,,,
2388544821,2388544836,24.964187,0,"footway",,,,,,,,,,
2388544836,2388544821,24.964187,0,"footway",,,,,,,,,,
2388544836,2388544850,27.594754,0,"footway",,,,,,,,,,
2388544850,2388544836,27.594754,0,"footway",,,,,,,,,,
2388544850,2388544900,62.44518,0,"footway",,,,,,,,,,
2388544900,2388544850,62.44518,0,"footway",,,,,,,,,,
2388544900,2388544970,63.443323,0,"footway",,,,,,,,,,
2388544970,2388544900,63.443323,0,"footway",,,,,,,,,,
2388544969,2388544851,125.826026,0,"footway",,,,,,,,,,
2388544851,2388544969,125.826026,0,"footway",,,,,,,,,,
2388544851,2388544776,103.911386,0,"footway",,,,,,,,,,
2388544776,2388544851,103.911386,0,"footway",,,,,,,,,,
2388544776,2388544753,27.497411,0,"footway",,,,,,,,,,
2388544753,2388544776,27.497411,0,"footway",,,,,,,,,,
2388544753,2388544732,26.454278000000002,0,"footway",,,,,,,,,,
2388544732,2388544753,26.454278000000002,0,"footway",,,,,,,,,,
2388544732,2388544708,25.768891,0,"footway",,,,,,,,,,
2388544708,2388544732,25.768891,0,"footway",,,,,,,,,,
2388544708,2388544665,24.03963,0,"footway",,,,,,,,,,
2388544665,2388544708,24.03963,0,"footway",,,,,,,,,,
1582414550,1582414590,43.01205,0,"residential",,,,,,,,,,
1582414590,1582414550,43.01205,0,"residential",,,,,,,,,,
1582414590,1582414595,24.702079,0,"residential",,,,,,,,,,
1582414595,1582414590,24.702079,0,"residential",,,,,,,,,,
1582414595,1714188406,23.887206,0,"residential",,,,,,,,,,
1714188406,1582414595,23.887206,0,"residential",,,,,,,,,,
1714188406,2374872619,21.485343,0,"residential",,,,,,,,,,
2374872619,1714188406,21.485343,0,"residential",,,,,,,,,,
2374872619,1582414639,10.692571,1,"residential",,,,,,,,,,
1582414639,2374872619,10.692571,0,"residential",,,,,,,,,,
2374328328,2374328326,74.192495,0,"footway",,,,,,,,,,
2374328326,2388544665,79.422461,0,"footway",,,,,,,,,,
2388544665,2374328326,79.422461,0,"footway",,,,,,,,,,
2388544665,2374328318,3.618315,0,"footway",,,,,,,,,,
2374328318,2388544665,3.618315,0,"footway",,,,,,,,,,
2374328318,2388544664,1.658896,0,"footway",,,,,,,,,,
2388544664,2374328318,1.658896,0,"footway",,,,,,,,,,
2388544664,2374328315,73.05614499999999,0,"footway",,,,,,,,,,
2374328315,2388544664,73.05614499999999,0,"footway",,,,,,,,,,
2374328315,2374328313,23.583424,0,"footway",,,,,,,,,,
2374328313,2374328315,23.583424,0,"footway",,,,,,,,,,
2374328313,2374328311,9.420582,0,"footway",,,,,,,,,,
2374328311,2374328313,9.420582,0,"footway",,,,,,,,,,
2374328311,2374872809,27.886674,0,"footway",,,,,,,,,,
2374872809,2374328311,27.886674,0,"footway",,,,,,,,,,
2374872809,2388871702,25.432524,0,"footway",,,,,,,,,,
2388871702,2374872809,25.432524,0,"footway",,,,,,,,,,
2388871702,2388871699,34.48552,0,"footway",,,,,,,,,,
2388871699,2388871702,34.48552,0,"footway",,,,,,,,,,
2388871699,2374872807,27.147593,0,"footway",,,,,,,,,,
2374872807,2388871699,27.147593,0,"footway",,,,,,,,,,
2374284799,2374284798,80.853613,0,"footway",,,,,,,,,,
2374284798,2374284799,80.853613,0,"footway",,,,,,,,,,
2374284798,2374284797,82.500829,0,"footway",,,,,,,,,,
2374284797,2374284798,82.500829,0,"footway",,,,,,,,,,
2374284797,2374328305,70.67728,0,"footway",,,,,,,,,,
2374328305,2374284797,70.67728,0,"footway",,,,,,,,,,
2374328305,2374328307,23.513834,0,"footway",,,,,,,,,,
2374328307,2374328305,23.513834,0,"footway",,,,,,,,,,
2374328307,2374328303,35.655315,0,"footway",,,,,,,,,,
2374328303,2374328307,35.655315,0,"footway",,,,,,,,,,
2374328303,2374872797,85.663002,0,"footway",,,,,,,,,,
2374872797,2374328303,85.663002,0,"footway",,,,,,,,,,
2374872797,2374872796,30.632762,0,"footway",,,,,,,,,,
2374872796,2374872797,30.632762,0,"footway",,,,,,,,,,
2374872796,2374872787,83.11521099999999,0,"footway",,,,,,,,,,
2374872787,2374872796,83.11521099999999,0,"footway",,,,,,,,,,
2374872787,2374872682,92.571528,0,"footway",,,,,,,,,,
2374872682,2374872787,92.571528,0,"footway",,,,,,,,,,
2374872682,2374872619,34.702619,0,"footway",,,,,,,,,,
2374872619,2374872682,34.702619,0,"footway",,,,,,,,,,
2338318695,2733451753,6.436628,0,"unclassified",,,,,,,,,,
2733451753,2338318700,25.006802,0,"unclassified",,,,,,,,,,
2338318700,5483051389,124.611029,0,"unclassified",,,,,,,,,,
758160044,1529767851,47.504172,0,"residential",,,,,,"paved",,,,
1529767851,758160044,47.504172,0,"residential",,,,,,"paved",,,,
1529767851,1529767852,42.378351,0,"residential",,,,,,"paved",,,,
1529767852,1529767851,42.378351,0,"residential",,,,,,"paved",,,,
1529767852,1529767861,41.226128,0,"residential",,,,,,"paved",,,,
1529767861,1529767852,41.226128,0,"residential",,,,,,"paved",,,,
1529767861,5473182182,22.50118,0,"residential",,,,,,"paved",,,,
5473182182,1529767861,22.50118,0,"residential",,,,,,"paved",,,,
5473182182,5473182185,1.940794,0,"residential",,,,,,"paved",,,,
5473182185,5473182182,1.940794,0,"residential",,,,,,"paved",,,,
5473182185,1529767863,18.601069,0,"residential",,,,,,"paved",,,,
1529767863,5473182185,18.601069,0,"residential",,,,,,"paved",,,,
1529767863,1529767864,0.779565,0,"residential",,,,,,"paved",,,,
1529767864,1529767863,0.779565,0,"residential",,,,,,"paved",,,,
1529767864,1529767866,28.81736,0,"residential",,,,,,"paved",,,,
1529767866,1529767864,28.81736,0,"residential",,,,,,"paved",,,,
1529767866,1529767869,9.037583,0,"residential",,,,,,"paved",,,,
1529767869,1529767866,9.037583,0,"residential",,,,,,"paved",,,,
1529767869,2067094495,40.398173,0,"residential",,,,,,"paved",,,,
2067094495,1529767869,40.398173,0,"residential",,,,,,"paved",,,,
728337723,2067094495,104.478854,0,"tertiary",,"2",,,,,,,,
2067094495,728337723,104.478854,1,"tertiary",,"2",,,,,,,,
2067094495,2067094494,19.979929,0,"tertiary",,"2",,,,,,,,
2067094494,2067094495,19.979929,0,"tertiary",,"2",,,,,,,,
1529767866,1529767954,84.143706,0,"residential",,,,,,,,,,
1529767954,1529767866,84.143706,0,"residential",,,,,,,,,,
1529767954,1529767960,62.764461,0,"residential",,,,,,,,,,
2067094494,1529767905,30.442783,0,"residential",,,,,,,,,,
1529767905,5473182201,12.817566,0,"residential",,,,,,,,,,
5473182201,5473182199,13.081154,0,"residential",,,,,,,,,,
5473182199,1529767960,13.691096,0,"residential",,,,,,,,,,
1529767905,2067094494,30.442783,0,"residential",,,,,,,,,,
5473182201,1529767905,12.817566,0,"residential",,,,,,,,,,
5473182199,5473182201,13.081154,0,"residential",,,,,,,,,,
1529767960,5473182199,13.691096,0,"residential",,,,,,,,,,
1529767960,1529767954,62.764461,0,"residential",,,,,,,,,,
1529767595,1529767593,49.23546,0,"residential",,,,,,,,,,
1529767593,1529767595,49.23546,0,"residential",,,,,,,,,,
1529767593,1529767592,39.473571,0,"residential",,,,,,,,,,
1529767592,1529767593,39.473571,0,"residential",,,,,,,,,,
1529767592,1529767584,31.080342,0,"residential",,,,,,,,,,
1529767584,1529767592,31.080342,0,"residential",,,,,,,,,,
1529767584,1904442280,53.468383,0,"residential",,,,,,,,,,
1904442280,1529767584,53.468383,0,"residential",,,,,,,,,,
2374328303,1686972075,164.118715,0,"residential",,,,,,,,,,
1686972117,2374328303,8.15678,0,"residential",,,,,,,,,,
1714814014,2616332746,23.8961,0,"residential",,,,,,,,,,
2616332746,1714814014,23.8961,0,"residential",,,,,,,,,,
1904442228,1529767922,9.28297,1,"residential",,,,,,,,,,
1529767925,1904442228,50.178629,1,"residential",,,,,,,,,,
1529767925,1529767927,60.132973,0,"residential",,,,,,,,,,
1529767927,1529767925,60.132973,0,"residential",,,,,,,,,,
1529767927,1529767929,63.330474,0,"residential",,,,,,,,,,
1529767929,1529767927,63.330474,0,"residential",,,,,,,,,,
1904442297,358578132,81.655787,1,"primary",,"2",,,,"paved",,,,
1904442280,1904442297,89.55291,1,"primary",,"2",,,,"paved",,,,
1904442283,1904442280,63.398352,0,"primary",,"2",,,,"paved",,,,
1904442315,1904442283,54.358407,1,"primary",,"2",,,,"paved",,,,
1904442228,1904442315,56.77874,0,"primary",,"2",,,,"paved",,,,
758160044,1529767787,50.396519000000005,0,"tertiary",,"2",,,,,,,,
1529767787,758160044,50.396519000000005,0,"tertiary",,"2",,,,,,,,
1529767787,387761064,14.552716,0,"tertiary",,"2",,,,,,,,
387761064,1529767787,14.552716,0,"tertiary",,"2",,,,,,,,
727141484,2915346993,5.436676,0,"unclassified",,,,,,"paved",,,,
2915346993,727141484,5.436676,0,"unclassified",,,,,,"paved",,,,
2915346993,1529767236,41.045205,0,"unclassified",,,,,,"paved",,,,
1529767236,2915346993,41.045205,0,"unclassified",,,,,,"paved",,,,
1529767236,1529767383,29.002678,0,"unclassified",,,,,,"paved",,,,
1529767383,1529767236,29.002678,0,"unclassified",,,,,,"paved",,,,
1529767383,728337725,14.290526,0,"unclassified",,,,,,"paved",,,,
728337725,1529767383,14.290526,0,"unclassified",,,,,,"paved",,,,
728337725,769420763,11.993838,0,"unclassified",,,,,,"paved",,,,
769420763,728337725,11.993838,0,"unclassified",,,,,,"paved",,,,
769420763,1529767487,49.763848,0,"unclassified",,,,,,"paved",,,,
1529767487,769420763,49.763848,0,"unclassified",,,,,,"paved",,,,
1529767487,1529767519,23.800029,0,"unclassified",,,,,,"paved",,,,
1529767519,1529767487,23.800029,0,"unclassified",,,,,,"paved",,,,
1529767519,4316620983,39.733632,0,"unclassified",,,,,,"paved",,,,
4316620983,1529767519,39.733632,0,"unclassified",,,,,,"paved",,,,
4316620983,728337723,76.504659,1,"unclassified",,,,,,"paved",,,,
728337723,4316620983,76.504659,0,"unclassified",,,,,,"paved",,,,
1687133984,1529767481,23.35523,0,"residential",,,,,,"paved",,,,
1529767481,1687133984,23.35523,0,"residential",,,,,,"paved",,,,
764104314,758160044,53.578388,0,"residential",,"1",,,,,,,,
758160044,764104314,53.578388,0,"residential",,"1",,,,,,,,
297034181,1686972219,27.416663,0,"primary",,"2",,"yes",,"paved",,,,
1686972219,297034181,27.416663,0,"primary",,"2",,"yes",,"paved",,,,
297034206,297034192,19.327913,0,"primary",,"2",,"yes",,"paved",,,,
297034181,297034206,51.111775,0,"primary",,"2",,,,"paved",,,,
297034228,297034238,79.065043,1,"primary",,"2",,,,"paved",,,,
297034192,297034228,165.142164,0,"primary",,"2",,,,"paved",,,,
2510366397,1686972248,169.19549200000003,0,"residential",,,,,,,,,,
1686972248,2510366397,169.19549200000003,0,"residential",,,,,,,,,,
1686972248,358578132,90.41211,1,"residential",,,,,,,,,,
358578132,1686972248,90.41211,0,"residential",,,,,,,,,,
2374328315,1529767233,26.844679,0,"unclassified",,,,,,,,,,
769071791,2374328315,7.397483,0,"unclassified",,,,,,,,,,
1686972219,358578132,102.230147,1,"primary",,"2",,,,"paved",,,,
358578132,1686972219,102.230147,0,"primary",,"2",,,,"paved",,,,
1686972075,2374872797,32.758216,0,"residential",,,,,,,,,,
2374872797,1582414662,8.465227,1,"residential",,,,,,,,,,
2374872809,1686972117,7.277713,0,"residential",,,,,,,,,,
2616151140,2374872809,70.820264,0,"residential",,,,,,,,,,
1582414696,2616151140,74.843926,0,"residential",,,,,,,,,,
1582414684,1529767215,72.775378,0,"unclassified",,,,,,,,,,
356930564,2374872787,4.340681,0,"residential",,,,,,,,,,
2374872787,356930564,4.340681,1,"residential",,,,,,,,,,
2374872787,1686972081,59.408051,0,"residential",,,,,,,,,,
1686972081,2374872787,59.408051,0,"residential",,,,,,,,,,
1686972023,1529767168,56.146216,0,"residential",,,,,,,,,,
1529767168,1686972023,56.146216,1,"residential",,,,,,,,,,
1529767449,1582414694,33.67922,1,"residential",,,,,,,,,,
1582414694,1529767449,33.67922,0,"residential",,,,,,,,,,
1582414454,1582414437,140.03898700000002,0,"residential",,,,,,,,,,
1582414437,1582414440,7.742252,0,"residential",,,,,,,,,,
1582414440,1582414437,7.742252,0,"residential",,,,,,,,,,
1582414440,1582414451,31.990617999999998,0,"residential",,,,,,,,,,
1582414451,1582414440,31.990617999999998,0,"residential",,,,,,,,,,
1582414451,1582414452,24.403301,0,"residential",,,,,,,,,,
1582414452,1582414451,24.403301,0,"residential",,,,,,,,,,
1582414452,1582414453,35.033284,0,"residential",,,,,,,,,,
1582414453,1582414452,35.033284,0,"residential",,,,,,,,,,
1582414420,1582414430,26.19827,0,"residential",,,,,,,,,,
1582414430,1582414420,26.19827,0,"residential",,,,,,,,,,
1582414430,1582414452,62.11222,0,"residential",,,,,,,,,,
1582414432,1582414430,65.951038,0,"residential",,,,,,,,,,
1582414452,1582414430,62.11222,0,"residential",,,,,,,,,,
1582414430,1582414432,65.951038,0,"residential",,,,,,,,,,
1582414440,1582414418,81.811189,0,"residential",,,,,,,,,,
1376708231,2733451637,25.721828,0,"service",,,,,,,,,,
2733451637,1376708231,25.721828,0,"service",,,,,,,,,,
2733451637,2733451583,332.130832,0,"service",,,,,,,,,,
2733451583,2733451637,332.130832,0,"service",,,,,,,,,,
2733451583,1376708091,3.933741,0,"service",,,,,,,,,,
1376708091,2733451583,3.933741,0,"service",,,,,,,,,,
1582414437,1376708246,106.357092,0,"residential",,,,,,,,,,
1376708198,1376708091,51.652617,0,"service",,,,,,,,,,
1376708091,1376708198,51.652617,0,"service",,,,,,,,,,
1376708091,1376708198,88.94056499999999,0,"service",,,,,,,,,,
1376708198,1376708091,88.94056499999999,0,"service",,,,,,,,,,
1376708198,2733451634,13.598314,0,"service",,,,,,,,,,
2733451634,1376708198,13.598314,0,"service",,,,,,,,,,
2733451634,1376708244,43.049568,0,"service",,,,,,,,,,
1376708244,2733451634,43.049568,0,"service",,,,,,,,,,
2733576317,1376708244,9.94215,0,"service",,,,,,,,,,
2733576328,2733576317,6.470087,0,"service",,,,,,,,,,
2733576360,2733576328,46.031086,0,"service",,,,,,,,,,
2733576361,2733576360,16.139681,0,"service",,,,,,,,,,
1582414420,5344996789,75.948154,1,"tertiary",,"2",,,,,,,,
1582414420,1714813983,18.545575,0,"tertiary",,"2",,,,,,,,
1714813983,1582414420,18.545575,0,"tertiary",,"2",,,,,,,,
1714813983,1582414418,23.391381,0,"tertiary",,"2",,,,,,,,
1582414418,1714813983,23.391381,0,"tertiary",,"2",,,,,,,,
1582414418,1376708247,36.972942,0,"tertiary",,"2",,,,,,,,
1376708247,1582414418,36.972942,0,"tertiary",,"2",,,,,,,,
1376708247,1376708246,2.595906,0,"tertiary",,"2",,,,,,,,
1376708246,2617443134,4.040491,0,"tertiary",,"2",,,,,,,,
2617443134,1376708247,6.6363970000000005,0,"tertiary",,"2",,,,,,,,
2617443134,358521689,3.46845,0,"tertiary",,"2",,,,,,,,
358521689,2617443134,3.46845,0,"tertiary",,"2",,,,,,,,
358521689,1376708244,53.411054,0,"tertiary",,"2",,,,,,,,
1376708244,358521689,53.411054,0,"tertiary",,"2",,,,,,,,
2733451748,1376708244,121.689765,0,"tertiary",,"2",,,,,,,,
1714813975,2733451748,191.50371500000003,0,"tertiary",,"2",,,,,,,,
1376708244,2733451750,139.303732,0,"tertiary",,"2",,,,,,,,
2733451750,5483051379,148.015542,0,"tertiary",,"2",,,,,,,,
5483051379,2338318695,8.36992,0,"tertiary",,"2",,,,,,,,
1376708244,2733576328,16.412237,0,"service",,,,,,,,,,
2733576328,2733576360,46.031086,0,"service",,,,,,,,,,
2733576360,2733576361,16.139681,0,"service",,,,,,,,,,
1582414418,1582414440,81.811189,0,"residential",,,,,,,,,,
2616332746,1582414506,55.000863,0,"residential",,,,,,,,,,
1582414506,2616332746,55.000863,0,"residential",,,,,,,,,,
1582414506,1582414502,22.975648,0,"residential",,,,,,,,,,
1582414502,1582414506,22.975648,0,"residential",,,,,,,,,,
1582414502,356930530,16.862721,0,"residential",,,,,,,,,,
356930530,1582414502,16.862721,0,"residential",,,,,,,,,,
1582414451,1582414462,30.204575,0,"residential",,,,,,,,,,
1582414462,1582414451,30.204575,0,"residential",,,,,,,,,,
1582414462,1582414485,28.717874,0,"residential",,,,,,,,,,
1582414485,1582414462,28.717874,0,"residential",,,,,,,,,,
1582414485,1582414506,37.284238,0,"residential",,,,,,,,,,
1582414506,1582414485,37.284238,0,"residential",,,,,,,,,,
1582414464,1582414489,27.96968,0,"residential",,,,,,,,,,
1582414489,1582414464,27.96968,0,"residential",,,,,,,,,,
1582414489,1582414502,32.072791,0,"residential",,,,,,,,,,
1582414502,1582414489,32.072791,0,"residential",,,,,,,,,,
1582414490,1582414489,20.980029,0,"residential",,,,,,,,,,
1582414489,1582414485,25.419615,0,"residential",,,,,,,,,,
1582414489,1582414490,20.980029,0,"residential",,,,,,,,,,
1582414485,1582414489,25.419615,0,"residential",,,,,,,,,,
1582414464,1582414462,27.839712,0,"residential",,,,,,,,,,
1582414462,1582414464,27.839712,0,"residential",,,,,,,,,,
1582414694,1582414693,39.173418,0,"residential",,,,,,,,,,
1582414693,1582414694,39.173418,1,"residential",,,,,,,,,,
1582414693,1582414690,35.326104,0,"residential",,,,,,,,,,
1582414690,1582414693,35.326104,0,"residential",,,,,,,,,,
1582414690,1582414688,4.703182,0,"residential",,,,,,,,,,
1582414688,1582414690,4.703182,0,"residential",,,,,,,,,,
1582414688,1582414680,55.192592,0,"residential",,,,,,,,,,
1582414680,1582414688,55.192592,0,"residential",,,,,,,,,,
1582414680,1582414682,17.929668,0,"residential",,,,,,,,,,
1582414682,1582414680,17.929668,0,"residential",,,,,,,,,,
1582414682,1582414684,22.516344,0,"residential",,,,,,,,,,
1582414684,1582414682,22.516344,0,"residential",,,,,,,,,,
1582414684,1582414686,66.307189,0,"residential",,,,,,,,,,
1582414686,1582414684,66.307189,0,"residential",,,,,,,,,,
1582414722,1582414717,100.81515,0,"residential",,,,,,,,,,
1582414717,1582414722,100.81515,0,"residential",,,,,,,,,,
1582414717,1582414715,58.987558,0,"residential",,,,,,,,,,
1582414715,1582414717,58.987558,0,"residential",,,,,,,,,,
1582414561,1582414570,45.898837,0,"residential",,,,,,,,,,
1582414570,1582414561,45.898837,0,"residential",,,,,,,,,,
1582414570,1582414573,16.385038,0,"residential",,,,,,,,,,
1582414573,1582414570,16.385038,0,"residential",,,,,,,,,,
1582414573,1582414574,11.785355,0,"residential",,,,,,,,,,
1582414574,1582414573,11.785355,0,"residential",,,,,,,,,,
1582414574,1582414581,10.681402,0,"residential",,,,,,,,,,
1582414581,1582414574,10.681402,0,"residential",,,,,,,,,,
1582414581,1582414587,22.577696,0,"residential",,,,,,,,,,
1582414587,1582414581,22.577696,0,"residential",,,,,,,,,,
1582414587,1582414590,23.874876,0,"residential",,,,,,,,,,
1582414590,1582414587,23.874876,0,"residential",,,,,,,,,,
1582414591,1582414590,62.401252,0,"residential",,,,,,,,,,
1582414565,1714814014,43.311595,0,"residential",,,,,,,,,,
1714814014,1582414565,43.311595,0,"residential",,,,,,,,,,
1714814014,1582414550,36.616315,0,"residential",,,,,,,,,,
1582414550,1714814014,36.616315,0,"residential",,,,,,,,,,
1582414550,1582414548,2.376196,0,"residential",,,,,,,,,,
1582414548,1582414550,2.376196,0,"residential",,,,,,,,,,
1582414548,1582414536,21.646414,0,"residential",,,,,,,,,,
1582414536,1582414548,21.646414,0,"residential",,,,,,,,,,
1582414536,1582414530,22.013404,0,"residential",,,,,,,,,,
1582414530,1582414536,22.013404,0,"residential",,,,,,,,,,
1582414530,1582414524,23.003959,0,"residential",,,,,,,,,,
1582414524,1582414530,23.003959,0,"residential",,,,,,,,,,
1582414524,1582414521,23.453477,0,"residential",,,,,,,,,,
1582414521,1582414524,23.453477,0,"residential",,,,,,,,,,
1582414686,1582414714,128.937299,0,"residential",,,,,,,,,,
1582414674,1582414686,10.676301,0,"residential",,,,,,,,,,
2616151138,1582414674,46.584962,1,"residential",,,,,,,,,,
2374872807,2616151138,42.132547,0,"residential",,,,,,,,,,
1582414662,2374872807,8.651697,0,"residential",,,,,,,,,,
1582414666,1582414672,114.237671,0,"residential",,,,,,,,,,
1582414672,1582414666,114.237671,0,"residential",,,,,,,,,,
1529767168,1582414666,39.792125,0,"residential",,,,,,,,,,
1582414666,1529767168,39.792125,0,"residential",,,,,,,,,,
1582414688,1582414666,60.982305,0,"residential",,,,,,,,,,
1686972081,1582414643,81.69372,0,"residential",,,,,,,,,,
1582414643,1686972081,81.69372,0,"residential",,,,,,,,,,
1582414643,2374872682,6.360902,0,"residential",,,,,,,,,,
2374872682,1582414643,6.360902,0,"residential",,,,,,,,,,
2374872682,1582414644,5.188828,1,"residential",,,,,,,,,,
1582414644,2374872682,5.188828,0,"residential",,,,,,,,,,
1582414696,1582414714,134.86917300000002,0,"residential",,,,,,,,,,
1582414714,1529767532,9.874239,0,"residential",,,,,,,,,,
1529767532,1582414696,144.743412,0,"residential",,,,,,,,,,
1582414680,1582414703,74.498062,0,"residential",,,,,,,,,,
1582414703,1582414680,74.498062,0,"residential",,,,,,,,,,
1582414703,1582414699,22.234401,0,"residential",,,,,,,,,,
1582414699,1582414703,22.234401,0,"residential",,,,,,,,,,
1582414647,1686972023,134.562531,1,"residential",,,,,,,,,,
1686972023,1582414647,134.562531,0,"residential",,,,,,,,,,
1686972023,1582414644,10.1986,1,"residential",,,,,,,,,,
1582414644,1686972023,10.1986,1,"residential",,,,,,,,,,
1529767221,2374328328,20.877762,0,"unclassified",,,,,,,,,,
1582414628,1582414617,102.183239,0,"residential",,,,,,,,,,
1582414617,1582414628,102.183239,0,"residential",,,,,,,,,,
769071792,2388544802,1.504675,0,"residential",,,,,,,,,,
2388544802,769071792,1.504675,0,"residential",,,,,,,,,,
2388544802,1582414698,90.678479,0,"residential",,,,,,,,,,
1582414698,2388544802,90.678479,0,"residential",,,,,,,,,,
1529767744,1529767741,71.904514,0,"residential",,,,,,,,,,
1529767741,1529767744,71.904514,0,"residential",,,,,,,,,,
1529767741,1529767760,51.204829000000004,1,"residential",,,,,,,,,,
1529767760,1529767741,51.204829000000004,0,"residential",,,,,,,,,,
1529767760,1529767776,40.272998,0,"residential",,,,,,,,,,
1529767776,1529767760,40.272998,1,"residential",,,,,,,,,,
1529767776,1529767774,13.49637,0,"residential",,,,,,,,,,
1529767774,1529767776,13.49637,0,"residential",,,,,,,,,,
1529767774,1529767767,39.600863,0,"residential",,,,,,,,,,
1529767767,1529767774,39.600863,0,"residential",,,,,,,,,,
1529767767,1529767763,31.071621,0,"residential",,,,,,,,,,
1529767763,1529767767,31.071621,0,"residential",,,,,,,,,,
1529767763,1904442283,52.770083,1,"residential",,,,,,,,,,
1904442283,1529767763,52.770083,0,"residential",,,,,,,,,,
1904442283,297018116,9.31765,1,"residential",,,,,,,,,,
297018116,1904442283,9.31765,1,"residential",,,,,,,,,,
1529767168,1529767191,118.606189,1,"residential",,,,,,,,,,
1529767927,1529767998,53.467691,0,"residential",,,,,,,,,,
1529767998,1529767927,53.467691,0,"residential",,,,,,,,,,
1529767998,1529768018,9.974556,0,"residential",,,,,,,,,,
1529768018,1529767998,9.974556,0,"residential",,,,,,,,,,
1529768018,1529768020,12.204724,0,"residential",,,,,,,,,,
1529768020,1529768018,12.204724,0,"residential",,,,,,,,,,
1529768020,1529768205,128.462149,0,"residential",,,,,,,,,,
1529768205,1529768020,128.462149,0,"residential",,,,,,,,,,
1529767741,1529767672,121.480485,0,"residential",,,,,,,,,,
358578204,1529767746,125.861411,0,"residential",,,,,,,,,,
1529767787,1529767636,55.336042,0,"pedestrian",,,,,,,,,,
1529767584,1529767763,63.544338,0,"residential",,,,,,,,,,
1529767763,1529767584,63.544338,0,"residential",,,,,,,,,,
1529767763,1529767848,54.645762,0,"residential",,,,,,,,,,
1529767848,1529767763,54.645762,0,"residential",,,,,,,,,,
1529767848,1529767925,56.024099,0,"residential",,,,,,,,,,
1529767925,1529767848,56.024099,0,"residential",,,,,,,,,,
1529767925,1529768023,76.491198,0,"residential",,,,,,,,,,
1529768023,1529767925,76.491198,0,"residential",,,,,,,,,,
1529768020,1529768023,60.835849,0,"footway",,,,,,,,,,
1529768023,1529768020,60.835849,0,"footway",,,,,,,,,,
1529767863,1529767907,48.066342,0,"residential",,,,,,,,,,
1529767907,1529767863,48.066342,0,"residential",,,,,,,,,,
358578052,2915345636,1.432803,0,"residential",,,,,,"paved",,,,
2915345636,358578052,1.432803,0,"residential",,,,,,"paved",,,,
2915345636,1529767496,40.333931,0,"residential",,,,,,"paved",,,,
1529767496,2915345636,40.333931,0,"residential",,,,,,"paved",,,,
1529767496,1529767497,42.26578,0,"residential",,,,,,"paved",,,,
1529767497,1529767496,42.26578,0,"residential",,,,,,"paved",,,,
1529767497,2800228964,21.540126,0,"residential",,,,,,"paved",,,,
2800228964,1529767497,21.540126,0,"residential",,,,,,"paved",,,,
2800228964,1529767498,22.279643,0,"residential",,,,,,"paved",,,,
1529767498,2800228964,22.279643,0,"residential",,,,,,"paved",,,,
1529767498,1687133984,22.97757,0,"residential",,,,,,"paved",,,,
1687133984,1529767498,22.97757,0,"residential",,,,,,"paved",,,,
1687133984,1529767515,14.478625,0,"residential",,,,,,"paved",,,,
1529767515,1687133984,14.478625,0,"residential",,,,,,"paved",,,,
1529767515,1529767519,34.880182,0,"residential",,,,,,"paved",,,,
1529767519,1529767515,34.880182,0,"residential",,,,,,"paved",,,,
2921439190,2388544900,17.330813,0,"residential",,,,,,,,,,
1529767582,1529767580,45.259129,0,"residential",,,,,,,,,,
1904442315,1529767848,51.665212,0,"residential",,,,,,,,,,
1529767848,1904442315,51.665212,0,"residential",,,,,,,,,,
1529767848,1529767849,84.554527,0,"residential",,,,,,,,,,
1529767849,1529767848,84.554527,0,"residential",,,,,,,,,,
1529767849,1529767850,40.400634,0,"residential",,,,,,,,,,
1529767850,1529767849,40.400634,0,"residential",,,,,,,,,,
2388544754,1529767388,92.847099,0,"residential",,,,,,,,,,
1529767384,2388544754,2.891539,0,"residential",,,,,,,,,,
2388544753,1529767384,3.127199,0,"residential",,,,,,,,,,
1529767380,2388544753,82.35052,0,"residential",,,,,,,,,,
1529767297,1529767313,20.522371,0,"residential",,,,,,,,,,
1529767313,1529767297,20.522371,0,"residential",,,,,,,,,,
1529767313,1529767373,81.481341,0,"residential",,,,,,,,,,
1529767373,1529767313,81.481341,0,"residential",,,,,,,,,,
1529767033,1529767074,67.152623,0,"residential",,,,,,,,,,
1529767233,2388544710,79.412956,0,"residential",,,,,,,,,,
2388544710,1529767233,79.412956,0,"residential",,,,,,,,,,
2388544710,1529767232,2.247942,0,"residential",,,,,,,,,,
1529767232,2388544710,2.247942,0,"residential",,,,,,,,,,
1529767232,2388544708,3.380954,0,"residential",,,,,,,,,,
2388544708,1529767232,3.380954,0,"residential",,,,,,,,,,
2388544708,1529767224,80.418278,0,"residential",,,,,,,,,,
1529767224,2388544708,80.418278,0,"residential",,,,,,,,,,
1529767224,1529767221,67.57417,0,"residential",,,,,,,,,,
1529767221,1529767224,67.57417,0,"residential",,,,,,,,,,
1529767498,1529767668,116.769339,0,"residential",,,,,,"paved",,,,
1529767668,1529767498,116.769339,0,"residential",,,,,,"paved",,,,
1529767668,1529767864,103.896744,0,"residential",,,,,,"paved",,,,
1529767864,1529767668,103.896744,0,"residential",,,,,,"paved",,,,
1529767847,1529767846,48.883433,0,"residential",,,,,,,,,,
1529767846,1529767847,48.883433,0,"residential",,,,,,,,,,
1529767746,1529767846,145.836473,0,"residential",,,,,,,,,,
1529767846,1529767755,54.430544,0,"residential",,,,,,,,,,
1529767922,1529767846,107.470442,0,"residential",,,,,,,,,,
1529767840,1529767830,99.906462,0,"residential",,,,,,,,,,
1529767830,1529767840,99.906462,0,"residential",,,,,,,,,,
1529767593,1529767680,31.522059,0,"residential",,,,,,,,,,
1529767680,1529767593,31.522059,0,"residential",,,,,,,,,,
1529767680,1529767774,32.398554,0,"residential",,,,,,,,,,
1529767774,1529767680,32.398554,0,"residential",,,,,,,,,,
1529767424,1529767252,57.946146,0,"residential",,,,,,,,,,
1529767388,358578253,27.009026,0,"unclassified",,,,,,,,,,
1529767515,1529767673,116.497058,0,"residential",,,,,,"paved",,,,
1529767673,1529767515,116.497058,0,"residential",,,,,,"paved",,,,
1529767673,1529767869,103.863463,0,"residential",,,,,,"paved",,,,
1529767869,1529767673,103.863463,0,"residential",,,,,,"paved",,,,
1529767496,1529767649,115.948961,0,"residential",,,,,,"paved",,,,
1529767649,1529767496,115.948961,0,"residential",,,,,,"paved",,,,
1529767649,1529767852,102.16222,0,"residential",,,,,,"paved",,,,
1529767852,1529767649,102.16222,0,"residential",,,,,,"paved",,,,
1529768012,1529767968,70.948926,0,"residential",,,,,,,,,,
1529767580,358578232,63.408858,0,"residential",,,,,,,,,,
1529767758,1529767580,63.297939,0,"residential",,,,,,,,,,
1529767497,1529767654,116.556566,0,"residential",,,,,,"paved",,,,
1529767654,1529767497,116.556566,0,"residential",,,,,,"paved",,,,
1529767654,1529767861,103.099794,0,"residential",,,,,,"paved",,,,
1529767861,1529767654,103.099794,0,"residential",,,,,,"paved",,,,
1529767538,1529767536,58.763384,0,"residential",,,,,,,,,,
1529767536,1529767538,58.763384,1,"residential",,,,,,,,,,
1529767536,1529767529,35.496021,0,"residential",,,,,,,,,,
1529767529,1529767536,35.496021,0,"residential",,,,,,,,,,
1529767536,1529767572,34.170527,0,"residential",,,,,,,,,,
1529767572,1529767536,34.170527,0,"residential",,,,,,,,,,
1582414684,1582414699,57.710223,0,"unclassified",,,,,,,,,,
1582414699,1582414684,57.710223,0,"unclassified",,,,,,,,,,
1582414699,1582414711,38.799163,0,"unclassified",,,,,,,,,,
1582414711,1582414699,38.799163,0,"unclassified",,,,,,,,,,
1582414711,1529767532,27.328216,0,"unclassified",,,,,,,,,,
1529767532,1582414711,27.328216,0,"unclassified",,,,,,,,,,
1529767532,1582414715,3.819786,0,"unclassified",,,,,,,,,,
1582414715,1529767532,3.819786,0,"unclassified",,,,,,,,,,
1582414715,2510366397,32.426991,0,"unclassified",,,,,,,,,,
2510366397,1582414715,32.426991,0,"unclassified",,,,,,,,,,
2510366397,1529767595,26.152714,0,"unclassified",,,,,,,,,,
1529767595,2510366397,26.152714,0,"unclassified",,,,,,,,,,
1529767595,1529767672,20.78161,0,"unclassified",,,,,,,,,,
1529767672,1529767595,20.78161,0,"unclassified",,,,,,,,,,
1529767672,1529767682,10.727853,0,"unclassified",,,,,,,,,,
1529767682,1529767672,10.727853,0,"unclassified",,,,,,,,,,
1529767682,1529767760,32.304924,1,"unclassified",,,,,,,,,,
1529767760,1529767682,32.304924,0,"unclassified",,,,,,,,,,
1529767760,1529767830,41.876299,0,"unclassified",,,,,,,,,,
1529767830,1529767760,41.876299,1,"unclassified",,,,,,,,,,
1529767830,1529767850,14.277681,0,"unclassified",,,,,,,,,,
1529767850,1529767830,14.277681,0,"unclassified",,,,,,,,,,
1529767850,1529767876,26.925306,0,"unclassified",,,,,,,,,,
1529767876,1529767850,26.925306,0,"unclassified",,,,,,,,,,
1529767876,1529767929,28.821226,0,"unclassified",,,,,,,,,,
1529767929,1529767876,28.821226,0,"unclassified",,,,,,,,,,
1529767929,1529767967,38.437273,0,"unclassified",,,,,,,,,,
1529767967,1529767929,38.437273,0,"unclassified",,,,,,,,,,
1529768205,1529767967,105.71671800000001,0,"unclassified",,,,,,,,,,
1529767466,1529767491,40.803234,0,"residential",,,,,,,,,,
1529767491,1529767466,40.803234,0,"residential",,,,,,,,,,
1529767081,1529767054,74.957529,0,"residential",,,,,,,,,,
1529767054,1529767081,74.957529,0,"residential",,,,,,,,,,
387761064,1529767720,35.161277,0,"pedestrian",,,,,,,,,,
1529767720,387761064,35.161277,0,"pedestrian",,,,,,,,,,
1529767158,1529767168,65.765057,0,"residential",,,,,,,,,,
1529767492,2388544821,90.306491,0,"residential",,,,,,,,,,
2388544821,1529767492,90.306491,0,"residential",,,,,,,,,,
2388544821,1529767493,1.758458,0,"residential",,,,,,,,,,
1529767493,2388544821,1.758458,0,"residential",,,,,,,,,,
1529767749,2921439190,81.418119,0,"residential",,,,,,,,,,
1529767523,2388544836,90.024831,0,"residential",,,,,,,,,,
2388544836,1529767523,90.024831,0,"residential",,,,,,,,,,
2388544836,1529767525,1.912539,0,"residential",,,,,,,,,,
1529767525,2388544836,1.912539,0,"residential",,,,,,,,,,
1529767580,1529767751,83.30037200000001,0,"residential",,,,,,,,,,
1529767751,1529767749,160.902333,0,"residential",,,,,,,,,,
356930564,356930120,10.421328,1,"tertiary",,"2",,,,,,,,
356930120,356930564,10.421328,1,"tertiary",,"2",,,,,,,,
1529767214,356930120,20.202666,1,"tertiary",,"2",,,,,,,,
356930120,1529767215,31.373350000000002,0,"tertiary",,"2",,,,,,,,
1529767215,1582414674,90.526027,1,"tertiary",,"2",,,,,,,,
1582414674,1529767214,101.696711,0,"tertiary",,"2",,,,,,,,
1582414674,1582414696,62.825228,0,"tertiary",,"2",,,,,,,,
1582414696,1582414674,62.825228,1,"tertiary",,"2",,,,,,,,
1582414696,1686972248,27.336598,0,"tertiary",,"2",,,,,,,,
1686972248,1582414696,27.336598,0,"tertiary",,"2",,,,,,,,
1686972248,1904442297,70.689747,1,"tertiary",,"2",,,,,,,,
1904442297,1686972248,70.689747,0,"tertiary",,"2",,,,,,,,
1904442297,297034162,9.671085,1,"tertiary",,"2",,,,,,,,
297034162,1904442297,9.671085,1,"tertiary",,"2",,,,,,,,
1529767252,1529767246,58.973049,0,"unclassified",,,,,,,,,,
1529767246,1529767221,85.76025100000001,0,"unclassified",,,,,,,,,,
1529767246,2388544732,81.416594,0,"unclassified",,,,,,,,,,
2388544732,1529767246,81.416594,0,"unclassified",,,,,,,,,,
2388544732,769420764,3.208784,0,"unclassified",,,,,,,,,,
769420764,2388544732,3.208784,0,"unclassified",,,,,,,,,,
769420764,2388544733,2.474611,0,"unclassified",,,,,,,,,,
2388544733,769420764,2.474611,0,"unclassified",,,,,,,,,,
1529767233,2388544733,113.226631,0,"unclassified",,,,,,,,,,
1529767384,358578216,27.470157,1,"unclassified",,,,,,,,,,
769420764,1529767384,26.449843,0,"unclassified",,,,,,,,,,
1529767232,769420764,25.772494,0,"unclassified",,,,,,,,,,
2374328318,1529767232,24.151002,0,"unclassified",,,,,,,,,,
769071767,2374328318,7.228744,0,"unclassified",,,,,,,,,,
1529767422,769420763,101.871321,0,"residential",,,"6",,,,,,,
2915345634,1529767422,79.817295,0,"residential",,,"6",,,,,,,
1529767427,2915345634,2.203021,0,"residential",,,"6",,,,,,,
2915345253,1529767427,4.342847,0,"residential",,,"6",,,,,,,
1529767424,2915345253,17.960492,0,"residential",,,"6",,,,,,,
2388544776,358577973,41.713184,0,"unclassified",,,,,,,,,,
358578216,2388544776,3.090855,0,"unclassified",,,,,,,,,,
2388544777,358578216,2.275087,1,"unclassified",,,,,,,,,,
358578253,2388544777,90.052274,0,"unclassified",,,,,,,,,,
358578132,358578253,23.022892,0,"unclassified",,,,,,,,,,
1582414698,358578253,26.074366,0,"unclassified",,,,,,,,,,
1529767492,1582414698,24.687378,0,"unclassified",,,,,,,,,,
1529767523,1529767492,25.064602,0,"unclassified",,,,,,,,,,
358578232,1529767523,27.649899,0,"unclassified",,,,,,,,,,
1529767525,358578204,27.593663,1,"unclassified",,,,,,,,,,
1529767493,1529767525,24.964103,0,"unclassified",,,,,,,,,,
769071792,1529767493,25.596546,0,"unclassified",,,,,,,,,,
358578216,769071792,25.740757,0,"unclassified",,,,,,,,,,
358578007,2388544851,39.773146,0,"unclassified",,,,,,,,,,
2388544851,358578007,39.773146,0,"unclassified",,,,,,,,,,
2388544851,358578204,3.399012,1,"unclassified",,,,,,,,,,
358578204,2388544851,3.399012,0,"unclassified",,,,,,,,,,
358578204,2388544850,2.220704,0,"unclassified",,,,,,,,,,
2388544850,358578204,2.220704,1,"unclassified",,,,,,,,,,
2388544850,2921439185,17.7112,0,"unclassified",,,,,,,,,,
2921439185,2388544850,17.7112,0,"unclassified",,,,,,,,,,
2921439185,358578232,71.859966,0,"unclassified",,,,,,,,,,
358578232,2921439185,71.859966,0,"unclassified",,,,,,,,,,
358578232,358577984,37.743637,0,"unclassified",,,,,,,,,,
358577984,358578232,37.743637,0,"unclassified",,,,,,,,,,
358578007,1529767720,123.199617,0,"unclassified",,"1",,,,,,,,
1529767720,358578007,123.199617,0,"unclassified",,"1",,,,,,,,
1529767720,2388544969,28.055921,0,"unclassified",,"1",,,,,,,,
2388544969,1529767720,28.055921,0,"unclassified",,"1",,,,,,,,
2388544969,1529767746,3.045537,0,"unclassified",,"1",,,,,,,,
1529767746,2388544969,3.045537,0,"unclassified",,"1",,,,,,,,
1529767746,2388544970,2.411011,0,"unclassified",,"1",,,,,,,,
2388544970,1529767746,2.411011,0,"unclassified",,"1",,,,,,,,
1529767749,2388544970,35.803097,0,"unclassified",,"1",,,,,,,,
2388544970,1529767751,71.11668399999999,0,"unclassified",,"1",,,,,,,,
1529767751,1529767749,35.313587,0,"unclassified",,"1",,,,,,,,
1529767751,1529767755,18.436378,0,"unclassified",,"1",,,,,,,,
1529767758,1529767751,19.45153,0,"unclassified",,"1",,,,,,,,
1529767755,297018116,46.736967,1,"unclassified",,"1",,,,,,,,
297018116,1529767758,45.721815,0,"unclassified",,"1",,,,,,,,
1529767582,297018116,63.364873,1,"primary",,"2",,,,"paved",,,,
358577984,1529767582,64.096236,0,"primary",,"2",,,,"paved",,,,
297034162,358577984,23.540118,0,"primary",,"2",,,,"paved",,,,
358578132,297034162,81.320345,1,"primary",,"2",,,,"paved",,,,
1529767847,1529767922,57.02246,1,"primary",,"2",,,,"paved",,,,
297018116,1529767847,54.303681,0,"primary",,"2",,,,"paved",,,,
2374328326,769071773,5.06529,1,"unclassified",,,,,,,,,,
1529767224,2374328326,21.258873,0,"unclassified",,,,,,,,,,
1529767246,1529767224,25.464152,0,"unclassified",,,,,,,,,,
1529767380,1529767246,26.351733,0,"unclassified",,,,,,,,,,
358578189,1529767380,28.027189,0,"unclassified",,,,,,,,,,
1529767491,358578189,50.579945,0,"unclassified",,,,,,,,,,
358578007,1529767491,91.58687499999999,0,"unclassified",,,,,,,,,,
358578189,1529767424,40.344518,0,"unclassified",,,,,,,,,,
358577973,358578189,41.51376,0,"unclassified",,,,,,,,,,
769071761,2374328305,15.883067,0,"residential",,,,,,,,,,
2374328305,769071791,8.149659,1,"residential",,,,,,,,,,
2374284799,769071758,15.326187,0,"residential",,,,,,,,,,
2916531679,2374284799,5.428185,0,"residential",,,,,,,,,,
769071773,2916531676,5.12826,1,"residential",,,,,,,,,,
2916531676,769071773,5.12826,1,"residential",,,,,,,,,,
2916531676,2374284798,4.957165,0,"residential",,,,,,,,,,
2374284798,2916531676,4.957165,1,"residential",,,,,,,,,,
2374284798,769071759,14.613631,0,"residential",,,,,,,,,,
769071759,2374284798,14.613631,0,"residential",,,,,,,,,,
769071759,769071772,24.666487,0,"residential",,,,,,,,,,
769071772,769071759,24.666487,0,"residential",,,,,,,,,,
769071767,2374284797,6.967048,0,"residential",,,,,,,,,,
2374284797,769071767,6.967048,1,"residential",,,,,,,,,,
2374284797,769071760,15.089238,0,"residential",,,,,,,,,,
769071760,2374284797,15.089238,0,"residential",,,,,,,,,,
769071760,769071765,24.556822,0,"residential",,,,,,,,,,
769071765,769071760,24.556822,0,"residential",,,,,,,,,,
769071758,769071759,85.44964,0,"residential",,,,,,,,,,
769071759,769071760,81.895041,0,"residential",,,,,,,,,,
769071760,769071761,66.535275,0,"residential",,,,,,,,,,
769071788,2374284799,41.112201999999996,0,"residential",,,,,,,,,,
2374284799,2916531679,5.428185,0,"residential",,,,,,,,,,
2374328305,769071765,100.48020199999999,0,"residential",,,,,,,,,,
769071791,2374328305,8.149659,0,"residential",,,,,,,,,,
2388544733,1529767388,113.926876,0,"unclassified",,,,,,,,,,
1529767054,1529767033,29.878368,0,"tertiary",,"2",,,,"paved",,,,
1582414617,1529767054,61.776275,0,"tertiary",,"2",,,,"paved",,,,
1686972023,1582414617,62.978539,0,"tertiary",,"2",,,,"paved",,,,
1529767158,1686972023,75.856958,1,"tertiary",,"2",,,,"paved",,,,
356930120,1529767158,26.648486,0,"tertiary",,"2",,,,"paved",,,,
1686972077,356930120,92.758925,1,"tertiary",,"2",,,,"paved",,,,
1529767911,1529767994,53.667566,0,"residential",,,,,,,,,,
1529767994,1529767911,53.667566,0,"residential",,,,,,,,,,
1529767990,5473182186,38.349075,0,"residential",,,,,,,,,,
5473182186,1529767990,38.349075,0,"residential",,,,,,,,,,
5473182186,1529767994,32.385047,0,"residential",,,,,,,,,,
1529767994,5473182186,32.385047,0,"residential",,,,,,,,,,
1529767994,1529767992,34.22468,0,"residential",,,,,,,,,,
1529767992,1529767994,34.22468,0,"residential",,,,,,,,,,
1529767992,1529767908,54.305683,0,"residential",,,,,,,,,,
764104385,358578021,75.918959,0,"unclassified",,"1",,,,,,,,
387761064,764104385,49.277231,0,"unclassified",,"1",,,,,,,,
387761065,387761064,119.645092,0,"unclassified",,"1",,,,,,,,
1529767673,728337723,37.511561,1,"unclassified",,,,,,"paved",,,,
1529767668,1529767673,37.855948,0,"unclassified",,,,,,"paved",,,,
5473182183,1529767668,22.526877,0,"unclassified",,,,,,"paved",,,,
1529767654,5473182183,21.167106,0,"unclassified",,,,,,"paved",,,,
1529767649,1529767654,41.572583,0,"unclassified",,,,,,"paved",,,,
1529767644,1529767649,42.90535,0,"unclassified",,,,,,"paved",,,,
1529767636,1529767644,35.925053,0,"unclassified",,,,,,"paved",,,,
764104385,1529767636,10.261351,0,"unclassified",,,,,,"paved",,,,
764104314,387761065,56.573617,0,"unclassified",,,,,,,,,,
764104314,1529767920,48.128966,0,"unclassified",,,,,,,,,,
1529767920,764104314,48.128966,0,"unclassified",,,,,,,,,,
1529767920,5473182187,37.476016,0,"unclassified",,,,,,,,,,
5473182187,1529767920,37.476016,0,"unclassified",,,,,,,,,,
1529767911,5473182187,32.825653,0,"unclassified",,,,,,,,,,
1529767908,1529767911,35.327654,0,"unclassified",,,,,,,,,,
5473182184,1529767908,1.903516,0,"unclassified",,,,,,,,,,
1529767907,5473182184,17.249549,0,"unclassified",,,,,,,,,,
1529767990,1529767920,52.04773,0,"residential",,"1",,,,,,,,
1529767920,1529767990,52.04773,0,"residential",,"1",,,,,,,,
1529767920,1529767851,53.970971,0,"residential",,"1",,,,,,,,
1529767851,1529767920,53.970971,0,"residential",,"1",,,,,,,,
1529767851,1529767644,101.768044,0,"residential",,"1",,,,,,,,
1529767644,1529767851,101.768044,0,"residential",,"1",,,,,,,,
1529767644,358578032,73.352043,0,"residential",,"1",,,,,,,,
358578032,1529767644,73.352043,0,"residential",,"1",,,,,,,,
358578021,358578052,65.375805,0,"unclassified",,,,,,,,,,
358578052,358578032,42.757286,0,"unclassified",,,,,,,,,,
358578032,358578021,27.306244,0,"unclassified",,,,,,,,,,
358578052,358578059,10.832192,0,"unclassified",,,,,,,,,,
358578032,358578052,42.757286,0,"unclassified",,,,,,,,,,
358578021,358578032,27.306244,0,"unclassified",,,,,,,,,,
5473182187,1529767911,32.825653,0,"unclassified",,,,,,,,,,
1529767911,1529767908,35.327654,0,"unclassified",,,,,,,,,,
1529767908,5473182184,1.903516,0,"unclassified",,,,,,,,,,
5473182184,1529767907,17.249549,0,"unclassified",,,,,,,,,,
1529767908,1529767992,54.305683,0,"residential",,,,,,,,,,
1529767951,1529767967,65.499779,0,"residential",,,,,,,,,,
1529767967,1529767951,65.499779,0,"residential",,,,,,,,,,
1529767550,1529767572,34.574544,0,"residential",,,,,,,,,,
1529767572,1529767550,34.574544,0,"residential",,,,,,,,,,
1529767074,1529767081,8.589654,0,"tertiary",,"2",,,,,,,,
1529767081,1582414628,50.231867,0,"tertiary",,"2",,,,,,,,
1582414628,1582414647,50.419655,0,"tertiary",,"2",,,,,,,,
1582414647,1529767191,46.22735,1,"tertiary",,"2",,,,,,,,
1529767191,1582414672,60.35897,0,"tertiary",,"2",,,,,,,,
1582414672,1529767373,20.18452,0,"tertiary",,"2",,,,,,,,
1529767373,1582414694,37.030339999999995,1,"tertiary",,"2",,,,,,,,
1582414694,1529767529,102.083359,0,"tertiary",,"2",,,,,,,,
1529767529,1529767550,33.320658,0,"tertiary",,"2",,,,,,,,
1529767550,1582414722,6.58657,0,"tertiary",,"2",,,,,,,,
1582414722,1529767744,88.008633,0,"tertiary",,"2",,,,,,,,
1529767744,2518588286,4.830187,0,"tertiary",,"2",,,,,,,,
2518588286,1529767819,31.770083,0,"tertiary",,"2",,,,,,,,
1529767819,1529767840,17.78247,0,"tertiary",,"2",,,,,,,,
1529767840,1529767951,100.515394,0,"tertiary",,"2",,,,,,,,
1529767951,1529767968,11.387924,0,"tertiary",,"2",,,,,,,,
1529767968,358521893,134.325443,1,"tertiary",,"2",,,,,,,,
1582414628,1529767081,50.231867,0,"tertiary",,"2",,,,,,,,
1582414647,1582414628,50.419655,0,"tertiary",,"2",,,,,,,,
1529767191,1582414647,46.22735,0,"tertiary",,"2",,,,,,,,
1582414672,1529767191,60.35897,1,"tertiary",,"2",,,,,,,,
1529767373,1582414672,20.18452,0,"tertiary",,"2",,,,,,,,
1582414694,1529767373,37.030339999999995,0,"tertiary",,"2",,,,,,,,
1529767529,1582414694,102.083359,1,"tertiary",,"2",,,,,,,,
1529767550,1529767529,33.320658,0,"tertiary",,"2",,,,,,,,
1582414722,1529767550,6.58657,0,"tertiary",,"2",,,,,,,,
1529767744,1582414722,88.008633,0,"tertiary",,"2",,,,,,,,
2518588286,1529767744,4.830187,0,"tertiary",,"2",,,,,,,,
1529767819,2518588286,31.770083,0,"tertiary",,"2",,,,,,,,
1529767840,1529767819,17.78247,0,"tertiary",,"2",,,,,,,,
1529767951,1529767840,100.515394,0,"tertiary",,"2",,,,,,,,
1529767968,1529767951,11.387924,0,"tertiary",,"2",,,,,,,,
358521893,1529767968,134.325443,0,"tertiary",,"2",,,,,,,,
1529767967,1529768205,105.71671800000001,0,"unclassified",,,,,,,,,,
1529767682,1529767680,49.788181,0,"residential",,,,,,,,,,
1529767680,1529767682,49.788181,0,"residential",,,,,,,,,,
1529767968,1529768012,70.948926,0,"residential",,,,,,,,,,
358578253,358578132,70.513958,1,"unclassified",,,,,,,,,,
769420763,358578151,106.446472,0,"residential",,,"6",,,,,,,
358578151,2915345634,75.242144,0,"residential",,,"6",,,,,,,
2915345634,1529767427,2.203021,0,"residential",,,"6",,,,,,,
1529767427,2915345253,4.342847,0,"residential",,,"6",,,,,,,
2915345253,1529767424,17.960492,0,"residential",,,"6",,,,,,,
1529767313,1529767449,90.899841,0,"residential",,,,,,,,,,
1529767449,1529767313,90.899841,0,"residential",,,,,,,,,,
1529767849,1529767776,55.231655,0,"residential",,,,,,,,,,
1529767776,1529767849,55.231655,0,"residential",,,,,,,,,,
1529767636,1529767787,55.336042,0,"pedestrian",,,,,,,,,,
1529767672,1529767741,121.480485,0,"residential",,,,,,,,,,
1529767767,1529767592,63.71084,0,"residential",,,,,,,,,,
1529767592,1529767767,63.71084,0,"residential",,,,,,,,,,
1582414703,1582414682,58.021721,0,"residential",,,,,,,,,,
1582414682,1582414703,58.021721,0,"residential",,,,,,,,,,
1582414548,1582414455,143.78898700000002,0,"residential",,,,,,,,,,
1582414455,1582414548,143.78898700000002,0,"residential",,,,,,,,,,
1582414454,1582414455,2.098899,0,"residential",,,,,,,,,,
1582414594,1582414596,29.984393,0,"residential",,,,,,,,,,
1582414596,1582414594,29.984393,0,"residential",,,,,,,,,,
1582414596,1582414621,52.715982,0,"residential",,,,,,,,,,
1582414621,1582414596,52.715982,0,"residential",,,,,,,,,,
1582414615,1714188406,25.473458,0,"residential",,,,,,,,,,
1714188406,1582414615,25.473458,0,"residential",,,,,,,,,,
1714188406,1582414613,34.013128,0,"residential",,,,,,,,,,
1582414613,1714188406,34.013128,0,"residential",,,,,,,,,,
1582414613,1582414611,52.892044,0,"residential",,,,,,,,,,
1582414611,1582414613,52.892044,0,"residential",,,,,,,,,,
1582414611,1582414599,36.432135,0,"residential",,,,,,,,,,
1582414599,1582414611,36.432135,0,"residential",,,,,,,,,,
1582414621,1582414623,27.857529,0,"residential",,,,,,,,,,
1582414623,1582414621,27.857529,0,"residential",,,,,,,,,,
1582414623,1582414625,30.804942,0,"residential",,,,,,,,,,
1582414625,1582414623,30.804942,0,"residential",,,,,,,,,,
1582414623,1582414596,34.77578,0,"residential",,,,,,,,,,
1582414455,1582414521,111.97777199999999,0,"residential",,,,,,,,,,
1582414521,1582414561,73.298303,0,"residential",,,,,,,,,,
1582414561,1582414594,45.943396,0,"residential",,,,,,,,,,
1582414594,1582414599,7.472984,0,"residential",,,,,,,,,,
1582414599,1582414625,36.391518,0,"residential",,,,,,,,,,
1582414625,1686972081,16.027789,0,"residential",,,,,,,,,,
1582414521,1582414454,109.878873,0,"residential",,,,,,,,,,
1582414561,1582414521,73.298303,0,"residential",,,,,,,,,,
1582414594,1582414561,45.943396,0,"residential",,,,,,,,,,
1582414599,1582414594,7.472984,0,"residential",,,,,,,,,,
1582414625,1582414599,36.391518,0,"residential",,,,,,,,,,
1686972081,1582414625,16.027789,0,"residential",,,,,,,,,,
1582414596,1582414623,34.77578,0,"residential",,,,,,,,,,
1582414611,1582414570,50.413878,0,"residential",,,,,,,,,,
1582414570,1582414611,50.413878,0,"residential",,,,,,,,,,
1582414613,1582414643,49.59685,0,"residential",,,,,,,,,,
1582414643,1582414613,49.59685,0,"residential",,,,,,,,,,
1582414455,1582414438,67.906476,0,"residential",,,,,,,,,,
1582414438,1582414455,67.906476,0,"residential",,,,,,,,,,
1582414438,1582414437,2.907093,0,"residential",,,,,,,,,,
1582414437,1582414438,2.907093,0,"residential",,,,,,,,,,
1582414666,1582414688,60.982305,0,"residential",,,,,,,,,,
1582414524,1582414573,56.317821,0,"residential",,,,,,,,,,
1582414573,1582414524,56.317821,0,"residential",,,,,,,,,,
1582414530,1582414581,51.855982,0,"residential",,,,,,,,,,
1582414581,1582414530,51.855982,0,"residential",,,,,,,,,,
1582414536,1582414587,47.968006,0,"residential",,,,,,,,,,
1582414587,1582414536,47.968006,0,"residential",,,,,,,,,,
1582414590,1582414591,62.401252,0,"residential",,,,,,,,,,
1582414595,1582414610,44.432221,0,"residential",,,,,,,,,,
1582414574,1582414595,84.289995,0,"residential",,,,,,,,,,
1582414610,1582414595,44.432221,0,"residential",,,,,,,,,,
1582414595,1582414574,84.289995,0,"residential",,,,,,,,,,
1686972077,2374872796,7.95411,0,"residential",,,,,,,,,,
2374872796,1686972075,64.300716,0,"residential",,,,,,,,,,
297034192,297034206,19.327913,0,"primary",,"2",,"yes",,"paved",,,,
297034206,297034181,51.111775,0,"primary",,"2",,,,"paved",,,,
297034238,297034228,79.065043,0,"primary",,"2",,,,"paved",,,,
297034228,297034192,165.142164,0,"primary",,"2",,,,"paved",,,,
1529767460,1529767461,51.386457,0,"residential",,,,,,,,,,
1529767461,1529767460,51.386457,0,"residential",,,,,,,,,,
1529767461,1529767484,58.799689,0,"residential",,,,,,,,,,
1529767484,1529767461,58.799689,0,"residential",,,,,,,,,,
1529767461,1529767481,23.786303,0,"residential",,,,,,,,,,
1529767481,1529767461,23.786303,0,"residential",,,,,,,,,,
1529767467,1529767481,46.618468,0,"residential",,,,,,,,,,
1529767481,1529767484,34.528555,0,"residential",,,,,,,,,,
1529767484,1529767487,14.601934,0,"residential",,,,,,,,,,
1529767481,1529767467,46.618468,0,"residential",,,,,,,,,,
1529767484,1529767481,34.528555,0,"residential",,,,,,,,,,
1529767487,1529767484,14.601934,0,"residential",,,,,,,,,,
1529767366,1529767234,28.818198,0,"residential",,,"6",,,,,,,
1529767234,2915346992,41.207894,0,"residential",,,"6",,,,,,,
1529767236,1529767234,105.8649,0,"residential",,,,,,,,,,
1529767383,1529767390,106.24699000000001,0,"residential",,,"6",,,,,,,
1529767390,2915345633,61.602116,0,"residential",,,"6",,,,,,,
2915345633,1529767369,2.440771,0,"residential",,,"6",,,,,,,
1529767366,1529767383,103.015449,0,"residential",,,"6",,,,,,,
2915345633,1529767366,64.833657,0,"residential",,,"6",,,,,,,
1529767369,2915345633,2.440771,0,"residential",,,"6",,,,,,,
1529767234,1529767236,105.8649,0,"residential",,,,,,,,,,
2374872797,1686972075,32.758216,0,"residential",,,,,,,,,,
1582414662,2374872797,8.465227,0,"residential",,,,,,,,,,
2374872796,1686972077,7.95411,0,"residential",,,,,,,,,,
1686972075,2374872796,64.300716,0,"residential",,,,,,,,,,
1686972075,2374328303,164.118715,0,"residential",,,,,,,,,,
2374328303,1686972117,8.15678,0,"residential",,,,,,,,,,
1529767199,1529767194,95.281267,1,"tertiary",,"1",,,,"paved",,,,
2733451747,2733451728,4.139024,0,,,,,,,,,,,
2733451728,2733451737,985.5569300000001,0,,,,,,,,,,,
2733451737,2733451747,283.31294199999996,0,,,,,,,,,,,
2733451728,2733451747,4.139024,0,,,,,,,,,,,
2733451737,2733451728,985.5569300000001,0,,,,,,,,,,,
2733451747,2733451737,283.31294199999996,0,,,,,,,,,,,
1376708184,2736245762,14.875504,0,,,,,,,,,,,
2736245762,1376708188,1.339252,0,,,,,,,,,,,
1376708188,1376708194,1.895664,0,,,,,,,,,,,
1376708194,1376708197,3.166863,0,,,,,,,,,,,
1376708197,1376708189,2.538493,0,,,,,,,,,,,
1376708189,1376708192,4.900789,0,,,,,,,,,,,
1376708192,1376708195,1.720688,0,,,,,,,,,,,
1376708195,1376708200,1.774734,0,,,,,,,,,,,
1376708200,1376708203,2.422553,0,,,,,,,,,,,
1376708203,1376708211,1.591899,0,,,,,,,,,,,
1376708211,1376708212,2.491245,0,,,,,,,,,,,
1376708212,2736245764,5.821857,0,,,,,,,,,,,
2736245764,2733451646,40.839614999999995,0,,,,,,,,,,,
2733451646,2733451630,63.528766000000005,0,,,,,,,,,,,
2733451630,1376708184,172.87824499999996,0,,,,,,,,,,,
2736245762,1376708184,14.875504,0,,,,,,,,,,,
1376708188,2736245762,1.339252,0,,,,,,,,,,,
1376708194,1376708188,1.895664,0,,,,,,,,,,,
1376708197,1376708194,3.166863,0,,,,,,,,,,,
1376708189,1376708197,2.538493,0,,,,,,,,,,,
1376708192,1376708189,4.900789,0,,,,,,,,,,,
1376708195,1376708192,1.720688,0,,,,,,,,,,,
1376708200,1376708195,1.774734,0,,,,,,,,,,,
1376708203,1376708200,2.422553,0,,,,,,,,,,,
1376708211,1376708203,1.591899,0,,,,,,,,,,,
1376708212,1376708211,2.491245,0,,,,,,,,,,,
2736245764,1376708212,5.821857,0,,,,,,,,,,,
2733451639,2736245764,58.82153199999999,0,,,,,,,,,,,
2733451630,2733451639,45.546849,0,,,,,,,,,,,
1376708184,2733451630,172.87824499999996,0,,,,,,,,,,,
2733451687,2733451684,46.677975,0,"footway",,,,,,"paving_stones",,,,
5483051380,2733451751,14.521599,0,"footway",,,,,,,,,,
2733451751,2736245777,120.62477499999999,0,"footway",,,,,,,,,,
2733576359,2736207385,55.975498,0,"service",,,,,,,,,,
2736207385,2736207379,20.311754,0,"service",,,,,,,,,,
2736207379,2733576344,51.322322,0,"service",,,,,,,,,,
2733576374,2733576370,133.64015,0,"service",,,,,,,,,,
2733576370,2733576374,133.64015,0,"service",,,,,,,,,,
2733576387,2733576384,156.219961,0,"service",,,,,,,,,,
2733576384,2733576387,156.219961,0,"service",,,,,,,,,,
2733576384,2733576380,31.706248,0,"service",,,,,,,,,,
2733576381,2733576384,50.867518000000004,0,"service",,,,,,,,,,
2733576380,2733576384,31.706248,0,"service",,,,,,,,,,
2733576384,2733576381,50.867518000000004,0,"service",,,,,,,,,,
2736245762,2736245764,229.040211,0,,,,,,,,,,,
2916500347,2916500327,9.615427999999998,0,,,,,,,,,,,
2916500327,2916500347,9.615427999999998,0,,,,,,,,,,,
2916500327,2916500347,3.218044,0,,,,,,,,,,,
2916500347,2916500327,3.218044,0,,,,,,,,,,,
2916500367,2916500355,8.385293,0,,,,,,,,,,,
2916500355,2916500367,8.385293,0,,,,,,,,,,,
2916500355,2916500367,2.063712,0,,,,,,,,,,,
2916500367,2916500355,2.063712,0,,,,,,,,,,,
2916500318,2916499099,8.950491000000001,0,,,,,,,,,,,
2916499099,2916500318,8.950491000000001,0,,,,,,,,,,,
2916499099,2916500318,2.629558,0,,,,,,,,,,,
2916500318,2916499099,2.629558,0,,,,,,,,,,,
2916500318,2916499099,2.629558,0,"pedestrian",,,,,,,,,,
2916499099,2916500318,2.629558,0,"pedestrian",,,,,,,,,,
2916499099,2916499097,13.977273,0,"pedestrian",,,,,,,,,,
2916499097,2916499099,13.977273,0,"pedestrian",,,,,,,,,,
2916499097,2916500317,39.24335,0,"pedestrian",,,,,,,,,,
2916500317,2916499097,39.24335,0,"pedestrian",,,,,,,,,,
2916500317,2916500318,13.995397,0,"pedestrian",,,,,,,,,,
2916500318,2916500317,13.995397,0,"pedestrian",,,,,,,,,,
2916500347,2916500327,3.218044,0,"pedestrian",,,,,,,,,,
2916500327,2916500347,3.218044,0,"pedestrian",,,,,,,,,,
2916500327,2916500324,14.032752,0,"pedestrian",,,,,,,,,,
2916500324,2916500327,14.032752,0,"pedestrian",,,,,,,,,,
2916500324,2916500346,58.888474,0,"pedestrian",,,,,,,,,,
2916500346,2916500324,58.888474,0,"pedestrian",,,,,,,,,,
2916500346,2916500347,14.015108,0,"pedestrian",,,,,,,,,,
2916500347,2916500346,14.015108,0,"pedestrian",,,,,,,,,,
2916500367,2916500355,2.063712,0,"pedestrian",,,,,,,,,,
2916500355,2916500367,2.063712,0,"pedestrian",,,,,,,,,,
2916500355,2916500354,9.454136,0,"pedestrian",,,,,,,,,,
2916500354,2916500355,9.454136,0,"pedestrian",,,,,,,,,,
2916500366,2916500354,9.20842,0,"pedestrian",,,,,,,,,,
2916500367,2916500366,16.587768,0,"pedestrian",,,,,,,,,,
2916499081,2916519573,2.119245,0,"footway",,,,,,,,,,
2916519573,2916499081,2.119245,0,"footway",,,,,,,,,,
2916519573,2916499093,7.145537,0,"footway",,,,,,,,,,
2916499093,2916519573,7.145537,0,"footway",,,,,,,,,,
2916499093,2877389782,2.729534,0,"footway",,,,,,,,,,
2877389782,2916499093,2.729534,0,"footway",,,,,,,,,,
2877389782,2916499097,3.783609,0,"footway",,,,,,,,,,
2916499097,2877389782,3.783609,0,"footway",,,,,,,,,,
2916499097,2916500317,2.6296980000000003,0,"footway",,,,,,,,,,
2916500317,2916499097,2.6296980000000003,0,"footway",,,,,,,,,,
2916500317,2877389783,3.306544,0,"footway",,,,,,,,,,
2877389783,2916500317,3.306544,0,"footway",,,,,,,,,,
2877389783,2916500324,3.650395,0,"footway",,,,,,,,,,
2916500324,2877389783,3.650395,0,"footway",,,,,,,,,,
2916500324,2916500346,3.184504,0,"footway",,,,,,,,,,
2916500346,2916500324,3.184504,0,"footway",,,,,,,,,,
2916500346,2877389784,3.029089,0,"footway",,,,,,,,,,
2877389784,2916500346,3.029089,0,"footway",,,,,,,,,,
2877389784,2916500354,3.672663,0,"footway",,,,,,,,,,
2916500354,2877389784,3.672663,0,"footway",,,,,,,,,,
2877389784,2916531683,40.269171,1,"unclassified",,,,,,,,,,
2916470167,2916507600,61.177732,0,"footway",,,,,,"paving_stones",,,,
2916507600,2916470167,61.177732,0,"footway",,,,,,"paving_stones",,,,
2916507600,2916499081,30.611373,0,"footway",,,,,,"paving_stones",,,,
2916499081,2916507600,30.611373,0,"footway",,,,,,"paving_stones",,,,
2916499081,2916508401,18.673395,0,"footway",,,,,,"paving_stones",,,,
2916508401,2916499081,18.673395,0,"footway",,,,,,"paving_stones",,,,
2916508401,2916470136,0.816084,0,"footway",,,,,,"paving_stones",,,,
2916470136,2916508401,0.816084,0,"footway",,,,,,"paving_stones",,,,
2916470136,2916470161,23.297456,0,"footway",,,,,,"paving_stones",,,,
2916470161,2916470136,23.297456,0,"footway",,,,,,"paving_stones",,,,
2916470161,2916470160,7.333373,0,"footway",,,,,,"paving_stones",,,,
2916470160,2916470161,7.333373,0,"footway",,,,,,"paving_stones",,,,
2916470136,2916470134,24.616329999999998,0,"footway",,,,,,"paving_stones",,,,
2916470134,2916470136,24.616329999999998,0,"footway",,,,,,"paving_stones",,,,
2916470174,2916470167,3.016933,0,"pedestrian",,,,,,,,,,
2916470167,2916470174,3.016933,0,"pedestrian",,,,,,,,,,
2916470167,2916470165,3.243404,0,"pedestrian",,,,,,,,,,
2916470165,2916470167,3.243404,0,"pedestrian",,,,,,,,,,
2916470165,2916470166,31.678034,0,"pedestrian",,,,,,,,,,
2916470166,2916470165,31.678034,0,"pedestrian",,,,,,,,,,
2916470166,2916470174,25.759107,0,"pedestrian",,,,,,,,,,
2916470174,2916470166,25.759107,0,"pedestrian",,,,,,,,,,
2916470174,2916499093,83.87791,0,"pedestrian",,,,,,,,,,
2916499093,2916470174,83.87791,0,"pedestrian",,,,,,,,,,
2916499093,2916470172,107.433908,0,"pedestrian",,,,,,,,,,
2916470172,2916499093,107.433908,0,"pedestrian",,,,,,,,,,
2916470172,1529767164,34.427002,0,"pedestrian",,,,,,,,,,
1529767164,2916470172,34.427002,0,"pedestrian",,,,,,,,,,
1529767164,1529767162,3.850529,0,"pedestrian",,,,,,,,,,
1529767162,1529767164,3.850529,0,"pedestrian",,,,,,,,,,
1529767162,1529767094,45.251701,0,"pedestrian",,,,,,,,,,
1529767094,1529767162,45.251701,0,"pedestrian",,,,,,,,,,
1529767094,1529767097,31.780467,0,"pedestrian",,,,,,,,,,
1529767097,1529767094,31.780467,0,"pedestrian",,,,,,,,,,
1529767097,2916519572,1.997306,0,"pedestrian",,,,,,,,,,
2916519572,1529767097,1.997306,0,"pedestrian",,,,,,,,,,
2916519572,2916470131,69.810893,0,"pedestrian",,,,,,,,,,
2916470131,2916519572,69.810893,0,"pedestrian",,,,,,,,,,
2916470131,2916508401,4.504946,0,"pedestrian",,,,,,,,,,
2916508401,2916470131,4.504946,0,"pedestrian",,,,,,,,,,
2916508401,2703893822,2.085961,0,"pedestrian",,,,,,,,,,
2703893822,2916508401,2.085961,0,"pedestrian",,,,,,,,,,
2703893822,2916519573,18.673084,0,"pedestrian",,,,,,,,,,
2916519573,2703893822,18.673084,0,"pedestrian",,,,,,,,,,
2916519573,2703893821,30.475843,0,"pedestrian",,,,,,,,,,
2703893821,2916519573,30.475843,0,"pedestrian",,,,,,,,,,
2703893821,2916507600,2.07813,0,"pedestrian",,,,,,,,,,
2916507600,2703893821,2.07813,0,"pedestrian",,,,,,,,,,
2916507600,2730980020,2.134039,0,"pedestrian",,,,,,,,,,
2730980020,2916507600,2.134039,0,"pedestrian",,,,,,,,,,
2730980020,2730980016,3.908267,0,"pedestrian",,,,,,,,,,
2730980016,2730980020,3.908267,0,"pedestrian",,,,,,,,,,
2730980016,2730979963,5.183449,0,"pedestrian",,,,,,,,,,
2730979963,2730980016,5.183449,0,"pedestrian",,,,,,,,,,
2730979963,2730980266,58.734840000000005,0,"pedestrian",,,,,,,,,,
2730980266,2730979963,58.734840000000005,0,"pedestrian",,,,,,,,,,
2730980266,2916470165,3.855882,0,"pedestrian",,,,,,,,,,
2916470165,2730980266,3.855882,0,"pedestrian",,,,,,,,,,
2916470167,2916470165,3.243404,0,"pedestrian",,,,,,,,,,
2916470174,2916470167,3.016933,0,"pedestrian",,,,,,,,,,
2730980266,2730980266,28.633716,0,,,,,,,,,,,
2730980266,2730980266,28.633716,0,,,,,,,,,,,
2916470165,2916470167,3.243404,0,"pedestrian",,,,,,,,,,
2916470167,2916470174,3.016933,0,"pedestrian",,,,,,,,,,
2730980020,2730979963,9.101041,0,,,,,,,,,,,
2730979963,2730980016,5.183449,0,,,,,,,,,,,
2730980016,2730980020,3.908267,0,,,,,,,,,,,
2730979963,2730980020,9.101041,0,,,,,,,,,,,
2730980016,2730979963,5.183449,0,,,,,,,,,,,
2730980020,2730980016,3.908267,0,,,,,,,,,,,
2798053724,2798052571,39.125409,0,,,,,,,,,,,
2798052571,2798053724,39.125409,0,,,,,,,,,,,
2798052571,2798052572,33.504038,0,,,,,,,,,,,
2798052572,2798052571,33.504038,0,,,,,,,,,,,
2798052572,2798052570,38.976171,0,,,,,,,,,,,
2798052570,2798052572,38.976171,0,,,,,,,,,,,
2798052570,2798053724,32.965628,0,,,,,,,,,,,
2798053724,2798052570,32.965628,0,,,,,,,,,,,
2732886184,2732884068,20.968781,0,"pedestrian",,,,"yes",,,,,,
2732884068,2732886184,20.968781,0,"pedestrian",,,,"yes",,,,,,
2732884068,2732886186,18.851773,0,"pedestrian",,,,"yes",,,,,,
2732886186,2732884068,18.851773,0,"pedestrian",,,,"yes",,,,,,
2703893803,2703893803,389.66279199999997,0,,,,,,,,,,,
2732886186,2703893803,40.877838999999994,0,,,,,,,,,,,
2703893803,2703893818,38.610684000000006,0,,,,,,,,,,,
2703893818,2703893821,11.151124,0,,,,,,,,,,,
2703893821,2916519573,30.475843,0,,,,,,,,,,,
2916519573,2703893822,18.673084,0,,,,,,,,,,,
2703893822,2916508401,2.085961,0,,,,,,,,,,,
2916508401,2732886186,74.43588,0,,,,,,,,,,,
2703893803,2732886186,40.877838999999994,0,,,,,,,,,,,
2703893818,2703893803,38.610684000000006,0,,,,,,,,,,,
2703893821,2703893818,11.151124,0,,,,,,,,,,,
2916519573,2703893821,30.475843,0,,,,,,,,,,,
2703893822,2916519573,18.673084,0,,,,,,,,,,,
2916508401,2703893822,2.085961,0,,,,,,,,,,,
2732886186,2916508401,74.43588,0,,,,,,,,,,,
2703893803,2703893803,389.66279199999997,0,,,,,,,,,,,
2241867859,2732886184,80.094529,0,,,,,,,,,,,
2732886184,2241867859,80.094529,0,,,,,,,,,,,
2732886184,2798052571,6.358362,0,,,,,,,,,,,
2798052571,2732886184,6.358362,0,,,,,,,,,,,
2798052571,2798053724,39.125409,0,,,,,,,,,,,
2798053724,2798052571,39.125409,0,,,,,,,,,,,
2798053724,2798052570,32.965628,0,,,,,,,,,,,
2798052570,2798053724,32.965628,0,,,,,,,,,,,
2798052570,2798052572,38.976171,0,,,,,,,,,,,
2798052572,2798052570,38.976171,0,,,,,,,,,,,
2798052572,2241867861,87.23424,0,,,,,,,,,,,
2241867861,2798052572,87.23424,0,,,,,,,,,,,
2241867861,2241867859,38.256165,0,,,,,,,,,,,
2241867861,2241867859,38.256165,0,,,,,,,,,,,
2241867859,2241867861,78.655757,0,,,,,,,,,,,
2241867859,2241867861,38.256165,0,,,,,,,,,,,
2241867859,2241867861,38.256165,0,,,,,,,,,,,
2241867861,2241867859,78.655757,0,,,,,,,,,,,
2915346989,2916470172,2.901076,0,"path",,,,,,"paving_stones",,"designated","designated",
2274662360,2274662346,11.24041,0,"footway",,,,,,"paved",,"yes","yes",
2274662346,2274662360,11.24041,0,"footway",,,,,,"paved",,"yes","yes",
2274662360,769420716,10.300613,0,"steps",,,,,,,,"yes","dismount",
1687194634,2916519572,35.278482,0,"path",,,,,,,,"designated","designated",
2916519572,1687194634,35.278482,0,"path",,,,,,,,"designated","designated",
2916519572,1006470878,3.417244,0,"path",,,,,,,,"designated","designated",
2274662346,1006470887,345.114889,0,"unclassified",,,,,,,,,,
1006470878,2274662346,31.700115,0,"unclassified",,,,,,,,,,
728337730,2915346989,10.090046000000001,1,"unclassified",,,,,,,,,,
769420716,2274662360,10.300613,0,"steps",,,,,,,,"yes","dismount",
1529767097,1529767094,31.780467,0,,,,,,,,,,,
1529767094,1529767162,45.251701,0,,,,,,,,,,,
1529767162,1529767164,3.850529,0,,,,,,,,,,,
1529767164,1529767097,82.360861,0,,,,,,,,,,,
1529767094,1529767097,31.780467,0,,,,,,,,,,,
1529767162,1529767094,45.251701,0,,,,,,,,,,,
1529767164,1529767162,3.850529,0,,,,,,,,,,,
1529767097,1529767164,82.360861,0,,,,,,,,,,,
2916500354,2916500366,9.20842,0,"pedestrian",,,,,,,,,,
2916500366,2916500367,16.587768,0,"pedestrian",,,,,,,,,,
3199620137,3199620142,43.139573999999996,0,"footway",,,,,,,,,"yes",
3199620142,3199620137,43.139573999999996,0,"footway",,,,,,,,,"yes",
3199620142,3199567885,17.987224,0,"footway",,,,,,,,,"yes",
3199567885,3199620142,17.987224,0,"footway",,,,,,,,,"yes",
3199612525,3199612526,1.847638,0,"footway",,,,,,,,,,
3199612526,3199612525,1.847638,0,"footway",,,,,,,,,,
3199612526,3199612532,11.169381,0,"footway",,,,,,,,,,
3199612532,3199612526,11.169381,0,"footway",,,,,,,,,,
3199612532,3199612533,3.002064,0,"footway",,,,,,,,,,
3199612533,3199612532,3.002064,0,"footway",,,,,,,,,,
3199612526,3199612532,23.344263,0,,,,,,,,,,,
3199612532,3199612526,56.198358000000006,0,,,,,,,,,,,
3199612532,3199612526,23.344263,0,,,,,,,,,,,
3199612526,3199612532,56.198358000000006,0,,,,,,,,,,,
2753426513,3191611366,5.756177,0,"footway",,,,,,"paving_stones",,,,
3191611366,2753426513,5.756177,0,"footway",,,,,,"paving_stones",,,,
3191611366,3191611155,39.029619,0,"footway",,,,,,"paving_stones",,,,
3191611155,3191611366,39.029619,0,"footway",,,,,,"paving_stones",,,,
3199567885,3191611144,66.302679,0,"footway",,,,,,"paving_stones",,,,
3191611144,3199567885,66.302679,0,"footway",,,,,,"paving_stones",,,,
3191611144,3199612533,223.38300799999996,0,"footway",,,,,,"paving_stones",,,,
3199612533,3191611144,223.38300799999996,0,"footway",,,,,,"paving_stones",,,,
3199612533,3191611155,20.283821,0,"footway",,,,,,"paving_stones",,,,
3191611155,3199612533,20.283821,0,"footway",,,,,,"paving_stones",,,,
3191611155,3199612525,10.128667,0,"footway",,,,,,"paving_stones",,,,
3199612525,3191611155,10.128667,0,"footway",,,,,,"paving_stones",,,,
3199612525,3199620137,298.69912500000004,0,"footway",,,,,,"paving_stones",,,,
3199620137,3199612525,298.69912500000004,0,"footway",,,,,,"paving_stones",,,,
3199620137,3191611130,11.776075,0,"footway",,,,,,"paving_stones",,,,
3191611130,3199620137,11.776075,0,"footway",,,,,,"paving_stones",,,,
3199567885,3191611130,57.155621999999994,0,"footway",,,,,,"paving_stones",,,,
2703908966,3199670220,80.33522599999999,0,"footway",,,,,,,,,,
3199670220,2703908966,80.33522599999999,0,"footway",,,,,,,,,,
358512472,3199670220,5.773805,0,"residential",,,,,,,,,,
3199670220,358512472,5.773805,0,"residential",,,,,,,,,,
3191611130,3194436219,67.084855,0,"footway",,,,,,,,,,
1582414421,2703908966,4.291104,0,"residential",,,,,,,,,,
2703908966,1582414421,4.291104,1,"residential",,,,,,,,,,
1582414421,3194436219,4.170942,0,"footway",,,,,,,,,,
3194436219,1582414421,4.170942,1,"footway",,,,,,,,,,
3194436219,598961898,88.980242,0,"footway",,,,,,,,,,
598961898,3194436219,88.980242,0,"footway",,,,,,,,,,
1582414468,1582414470,19.299857,0,"footway",,,,,,,,,,
1582414470,1582414468,19.299857,0,"footway",,,,,,,,,,
1582414470,1582414473,32.841447,0,"footway",,,,,,,,,,
1582414473,1582414470,32.841447,0,"footway",,,,,,,,,,
1582414470,1582414512,76.421702,0,"footway",,,,,,,,,,
1582414512,1582414470,76.421702,0,"footway",,,,,,,,,,
2753426490,775968267,126.26513,0,"unclassified",,,,,,,,,,
3191611366,2753426490,43.619445,0,"unclassified",,,,,,,,,,
734963725,3191611366,7.734832,0,"unclassified",,,,,,,,,,
598961898,1582414468,27.163633,0,"tertiary",,,,,,,,,,
1582414468,598961898,27.163633,0,"tertiary",,,,,,,,,,
1582414468,1006470865,75.903741,0,"tertiary",,,,,,,,,,
1006470865,1582414468,75.903741,0,"tertiary",,,,,,,,,,
2274662334,1006470861,58.205416,0,"tertiary",,"2",,,,,,,,
1006470861,2274662334,58.205416,0,"tertiary",,"2",,,,,,,,
1582414522,1006470861,22.560056,0,"tertiary",,"2",,,,,,,,
1006470861,769420714,25.212176,0,"tertiary",,"2",,,,,,,,
769420714,1582414522,2.65212,0,"tertiary",,"2",,,,,,,,
769420714,1582414512,32.179919,0,"unclassified",,,,,,,,,,
1582414512,769420714,32.179919,0,"unclassified",,,,,,,,,,
1582414512,1006470865,17.56106,0,"unclassified",,,,,,,,,,
1006470865,1582414512,17.56106,0,"unclassified",,,,,,,,,,
1006470852,1006470861,47.634962,0,"unclassified",,,,,,,,,,
1006470861,1006470852,47.634962,0,"unclassified",,,,,,,,,,
1006470865,1006470852,27.060069000000002,0,"tertiary",,,,,,,,,,
1006470852,769071776,127.793715,0,"tertiary",,,,,,,,,,
1006470852,1006470865,27.060069000000002,0,"tertiary",,,,,,,,,,
769071776,1006470852,127.793715,0,"tertiary",,,,,,,,,,
598961898,1582414473,77.931981,0,"unclassified",,,,,,,,,,
769071776,5483051376,195.21275999999997,0,"tertiary",,"2",,,,,,,,
5483051376,775968269,71.72552300000001,1,"tertiary",,"2",,,,,,,,
775968269,775968267,152.49161800000002,0,"tertiary",,"2",,,,,,,,
775968267,598961898,94.25018599999999,0,"tertiary",,"2",,,,,,,,
598961907,598961898,110.19137,0,"unclassified",,,,,,,,,,
775968269,5483051376,71.72552300000001,0,"tertiary",,"2",,,,,,,,
598961898,775968269,246.741804,1,"tertiary",,"2",,,,,,,,
3194436219,3191611130,67.084855,0,"footway",,,,,,,,,,
5483051376,769071776,195.21276,0,"tertiary",,"2",,,,,,,,
3191611130,3199567885,57.155621999999994,0,"footway",,,,,,"paving_stones",,,,
2753426492,2753426527,45.980284,0,"footway",,,,,,,,,,
2753426527,2753426492,45.980284,0,"footway",,,,,,,,,,
2753426513,2753426492,38.411962,0,"footway",,,,,,,,,,
2753426492,2753426513,38.411962,0,"footway",,,,,,,,,,
2753426492,2753426491,9.057986,0,"footway",,,,,,,,,,
2753426491,2753426492,9.057986,0,"footway",,,,,,,,,,
2753426513,2753426527,17.173321,0,"footway",,,,,,,,,,
2753426527,2753426513,17.173321,0,"footway",,,,,,,,,,
2753426527,2753426591,104.86594499999998,0,"footway",,,,,,,,,,
2753426591,2753426527,104.86594499999998,0,"footway",,,,,,,,,,
2753426591,2753426491,224.112913,0,"footway",,,,,,,,,,
2753426491,2753426591,137.90005499999998,0,"footway",,,,,,,,,,
2753426491,2753426591,224.112913,0,"footway",,,,,,,,,,
2753426591,2753426491,137.90005499999998,0,"footway",,,,,,,,,,
3199620142,3199620142,108.549692,0,,,,,,,,,,,
3199620142,3199620142,108.549692,0,,,,,,,,,,,
2753426593,2753426641,38.728176,0,"footway",,,,,,,,,,
2753426641,2753426593,38.728176,0,"footway",,,,,,,,,,
2753426525,2753426545,34.659897,0,"service",,,,,,,,,,
2753426545,2753426525,34.659897,0,"service",,,,,,,,,,
2753426545,2753426547,1.813738,0,"service",,,,,,,,,,
2753426547,2753426545,1.813738,0,"service",,,,,,,,,,
2753426547,2753426530,28.880433,0,"service",,,,,,,,,,
2753426530,2753426547,28.880433,0,"service",,,,,,,,,,
2753426560,5483051368,65.0983,0,"footway",,,,,,,,,,
5483051368,2753426560,65.0983,0,"footway",,,,,,,,,,
5483051368,2753426688,283.82888199999996,0,"footway",,,,,,,,,,
2753426688,5483051368,283.82888199999996,0,"footway",,,,,,,,,,
2753426688,2753426677,9.269323,0,"footway",,,,,,,,,,
2753426677,2753426688,9.269323,0,"footway",,,,,,,,,,
2753426677,5504840934,4.167683,0,"footway",,,,,,,,,,
5504840934,2753426677,4.167683,0,"footway",,,,,,,,,,
5504840934,5504840936,21.457707,0,"footway",,,,,,,,,,
5504840936,5504840934,21.457707,0,"footway",,,,,,,,,,
5504840936,5504840942,11.628702,0,"footway",,,,,,,,,,
5504840942,5504840936,11.628702,0,"footway",,,,,,,,,,
5504840942,2753426645,18.234003,0,"footway",,,,,,,,,,
2753426645,5504840942,18.234003,0,"footway",,,,,,,,,,
2753426677,5504840938,14.974301999999998,0,"footway",,,,,,,,,,
5504840938,2753426677,14.974301999999998,0,"footway",,,,,,,,,,
5504840938,2753426645,20.962083,0,"footway",,,,,,,,,,
2753426645,5504840938,20.962083,0,"footway",,,,,,,,,,
2753426645,2753426641,11.80622,0,"footway",,,,,,,,,,
2753426641,2753426645,11.80622,0,"footway",,,,,,,,,,
2753426641,2753426628,3.631,0,"footway",,,,,,,,,,
2753426628,2753426641,3.631,0,"footway",,,,,,,,,,
2753426628,2753426593,29.771131999999998,0,"footway",,,,,,,,,,
2753426593,2753426628,29.771131999999998,0,"footway",,,,,,,,,,
2753426593,2753426574,20.738476000000002,0,"footway",,,,,,,,,,
2753426574,2753426593,20.738476000000002,0,"footway",,,,,,,,,,
2753426560,2753426574,29.919876,0,"footway",,,,,,,,,,
2753426574,5483051340,7.878494,0,"footway",,,,,,,,,,
5483051340,2753426545,34.612471,0,"footway",,,,,,,,,,
2753426574,2753426560,29.919876,0,"footway",,,,,,,,,,
5483051340,2753426574,7.878494,0,"footway",,,,,,,,,,
2753426545,5483051340,34.612471,0,"footway",,,,,,,,,,
5483051349,5483051357,18.35199,0,"footway",,,,,,,,,,