node_id_org,node_id_dest,distance,highway,oneway
281676594,281676595,130.522287,motorway_link,yes
281676595,2305166868,93.557121,motorway_link,yes
2305166868,281676597,79.511122,motorway_link,yes
281676598,598880718,128.201157,trunk,yes
1751045528,1320921974,13.477832,secondary,yes
1320921974,600744544,79.658364,secondary,yes
600744544,288363757,159.912464,secondary,yes
288364075,4136836483,149.873396,secondary,yes
4136836483,2534592558,176.863877,secondary,yes
2534592558,288769189,60.056778,secondary,yes
288769189,2534592854,75.889347,secondary,yes
2534592854,288364095,33.525625,secondary,yes
288363771,3731514485,140.030931,tertiary,yes
3731514485,288385024,2.901046,tertiary,yes
288385024,288385020,7.672124,tertiary,yes
288385020,2534635818,150.927686,tertiary,yes
2534635818,1321511255,36.812586,tertiary,yes
1321511255,1321511259,31.722050,tertiary,yes
1321511259,289034443,32.472453,tertiary,yes
289034443,1321511265,33.063180,tertiary,yes
1321511265,1321518420,33.904534,tertiary,yes
1321518420,1321518390,32.906169,tertiary,yes
1321518390,1321518394,30.982761,tertiary,yes
1321518394,288389257,33.148739,tertiary,yes
288389257,2593542694,29.775666,tertiary,yes
2593542694,3731514477,167.225494,tertiary,yes
3731514477,3731514470,365.338127,tertiary,yes
3731514470,3731514469,9.029481,tertiary,yes
3731514469,3731514462,165.053830,tertiary,yes
3731514462,3731514458,206.847774,tertiary,yes
3731514458,3731514454,207.696641,tertiary,yes
3731514454,3731514450,201.785512,tertiary,yes
3731514450,3731514449,8.544485,tertiary,yes
3731514449,2303738219,186.559611,tertiary,yes
1312828742,288392096,93.197702,tertiary,
288392096,3731514462,107.250736,tertiary,
3731514462,3731514461,18.531403,tertiary,
3731514461,288364822,75.126197,tertiary,
288364822,288364823,19.417754,tertiary,
288364823,288364883,21.283519,tertiary,
288364883,289053616,15.823285,tertiary,
289053616,288364884,3.301008,tertiary,
288364884,288364885,18.065857,tertiary,
288364885,2303738275,16.931419,tertiary,
2303738275,288364888,153.856049,tertiary,
288364888,288364833,16.377891,tertiary,
288364833,288364889,13.316740,tertiary,
288364889,2303738255,6.353235,tertiary,
2303738255,1337931836,8.915517,tertiary,
1337931836,3731207285,8.673222,tertiary,
3731207285,288364890,7.116501,tertiary,
288364890,2303738251,9.848023,tertiary,
2303738251,1337931794,12.409091,tertiary,
1337931794,3731207272,71.700997,tertiary,
3731207272,3731207271,9.639166,tertiary,
3731207271,288364841,141.722683,tertiary,
288363828,2534592790,55.451491,secondary,yes
2534592790,600744543,74.569106,secondary,yes
600744543,2534592560,39.587492,secondary,yes
2534592560,288363771,327.133872,secondary,yes
288363757,2534593196,47.850245,secondary,yes
2534593196,598550776,37.056767,secondary,yes
598550776,598552299,111.000715,secondary,yes
598552299,2534592993,45.905396,secondary,yes
2534592993,288363828,33.997190,secondary,yes
2303738349,2534635846,49.893895,tertiary,
2534635846,2534610630,53.401838,tertiary,
2534610630,2534610618,106.986475,tertiary,
2534610618,3817796327,320.167398,tertiary,
3817796327,288385975,8.519402,tertiary,
288385975,288386909,164.615084,tertiary,
288386909,1336182815,135.213481,tertiary,
1336182815,1336182819,16.332492,tertiary,
1336182819,2303738340,3.469260,tertiary,
2303738340,1336182808,25.232470,tertiary,
1336182808,1336182786,10.411127,tertiary,
1336182786,1336182845,7.964828,tertiary,
1336182845,1336182798,213.343696,tertiary,
288386909,1312772340,85.451901,tertiary,
1312772340,2303738344,9.736215,tertiary,
2303738344,288386910,8.702946,tertiary,
288386910,2534870239,5.109713,tertiary,
2534870239,288385989,38.973999,tertiary,
288385989,2534870238,6.586392,tertiary,
2534870238,2303738342,6.875664,tertiary,
2303738342,1312772332,86.364232,tertiary,
288700148,288701223,73.184828,tertiary,
288701223,288700335,88.014623,tertiary,
288700335,288700152,11.087947,tertiary,
288700152,1700573353,16.907667,tertiary,
1700573353,2533090260,97.847397,tertiary,
2533090260,2533090255,15.636171,tertiary,
2533090255,1321238721,49.026878,tertiary,
1321238721,1321238727,49.580276,tertiary,
1321238727,1321126461,49.076389,tertiary,
1321126461,2534635821,254.299168,tertiary,
2534635821,598550692,105.949031,tertiary,
598550692,3817796323,322.720603,tertiary,
3817796323,288765846,6.581120,tertiary,
288765846,1343487027,80.979204,tertiary,
1343487027,288386737,218.306317,tertiary,
288386737,1343315231,114.518451,tertiary,
1343315231,288386739,135.326305,tertiary,
288386739,288386584,118.265656,tertiary,
288386584,2303738292,8.443157,tertiary,
2303738292,288386585,8.507894,tertiary,
288386585,2303738290,8.867279,tertiary,
2303738290,288386741,8.277489,tertiary,
288386741,2303738291,9.516085,tertiary,
2303738291,288386742,9.916587,tertiary,
288386742,2303738293,9.819189,tertiary,
2303738293,2303738295,10.208421,tertiary,
2303738295,288389834,26.443585,tertiary,
288389834,288386744,131.933199,tertiary,
288389047,1321506637,74.520530,tertiary,
1321506637,288389126,61.177225,tertiary,
288389126,1321506674,26.523815,tertiary,
1321506674,1321518392,50.228432,tertiary,
1321518392,600744562,105.767669,tertiary,
600744562,1321518369,22.194446,tertiary,
1321518369,2534870302,128.295553,tertiary,
2534870302,2534635818,142.929939,tertiary,
2534635818,2534635816,19.096476,tertiary,
2534635816,1312772332,196.345878,tertiary,
1312772332,1336182815,138.873277,tertiary,
1336182815,1343315559,200.760517,tertiary,
1343315559,288386737,93.430665,tertiary,
1321528216,1321528174,155.448057,tertiary,
1321528174,288389047,120.166361,tertiary,
288389047,1321506642,92.032308,tertiary,
1321506642,1321445235,166.525671,tertiary,
1321445235,1104454076,373.360812,tertiary,
1104454076,2534593259,129.455402,tertiary,
2534593259,1667342425,283.182163,tertiary,
1667342425,288387842,468.869556,tertiary,
288387842,288387843,52.951006,tertiary,
288387843,2519432155,10.312583,tertiary,
2519432155,288389049,10.618595,tertiary,
288389049,2519432156,10.491023,tertiary,
2519432156,288387845,9.353591,tertiary,
288387845,288387973,30.132204,tertiary,
288387973,288387974,9.700940,tertiary,
288387974,2519432152,8.331211,tertiary,
2519432152,2519432150,13.708855,tertiary,
2519432150,288387851,64.751449,tertiary,
288387851,288389050,38.379464,tertiary,
288389050,1321436236,19.037632,tertiary,
1321436236,1321240330,19.786696,tertiary,
1321240330,1667342501,143.138831,tertiary,
1667342501,1751045547,128.871713,tertiary,
1666878454,1666878447,13.313220,tertiary,
1666878447,1666878507,43.199430,tertiary,
1666878507,1666878498,108.321945,tertiary,
1666878498,1666878503,157.830035,tertiary,
1666878503,288390245,283.841898,tertiary,
288390245,288390388,65.567259,tertiary,
288390388,1700573260,15.169992,tertiary,
1700573260,1700573261,14.653008,tertiary,
1700573261,1700573262,149.712485,tertiary,
1700573262,1700573264,10.455482,tertiary,
1700573264,288390385,9.916450,tertiary,
288390385,1343383588,256.379767,tertiary,
1343383588,288390383,41.886931,tertiary,
288390383,288390235,74.579628,tertiary,
288390235,288390234,58.621088,tertiary,
288390234,288390382,45.798919,tertiary,
288390382,1343377593,10.467568,tertiary,
1343377593,288390232,10.310709,tertiary,
288390232,1343377582,8.365723,tertiary,
1343377582,288390231,10.898392,tertiary,
288390231,1343377616,9.142452,tertiary,
1343377616,288390381,10.927293,tertiary,
288390381,1343377601,9.840815,tertiary,
1343377601,288390229,12.712123,tertiary,
288390229,288390228,36.524268,tertiary,
288390228,288390380,48.265101,tertiary,
288390380,288390226,53.200855,tertiary,
288390226,1343383595,7.117619,tertiary,
1343383595,288390225,41.141380,tertiary,
288390225,288390379,43.889190,tertiary,
288390379,288391211,42.328091,tertiary,
288391211,1343373247,14.005012,tertiary,
1343373247,288390221,13.888970,tertiary,
288390221,288391210,17.131071,tertiary,
288391210,1343373335,12.331683,tertiary,
1343373335,288391850,13.896965,tertiary,
288391850,288390218,21.224100,tertiary,
288390218,288390375,14.519572,tertiary,
288390375,1343417097,13.231415,tertiary,
1343417097,288391209,7.622241,tertiary,
288391209,288390215,17.005105,tertiary,
288390215,288389838,33.463216,tertiary,
288389838,3731514477,39.096670,tertiary,
3731514477,3731514476,17.905670,tertiary,
3731514476,288386602,49.406240,tertiary,
288386602,288386748,43.891507,tertiary,
288386748,1334436793,9.156986,tertiary,
1334436793,288386600,9.376849,tertiary,
288386600,1334436770,11.593610,tertiary,
1334436770,288386599,12.722959,tertiary,
288386599,288386598,19.623109,tertiary,
288386598,1334436800,11.727595,tertiary,
1334436800,288386747,12.953326,tertiary,
288386747,1334436764,9.371696,tertiary,
1334436764,3731206101,9.681536,tertiary,
3731206101,3731206099,9.885545,tertiary,
3731206099,288386746,36.395238,tertiary,
288386746,288386744,187.754531,tertiary,
289006498,2303738261,7.621228,tertiary,yes
2303738261,3722883602,88.051995,tertiary,yes
3722883602,3722883605,10.552421,tertiary,yes
3722883605,3731206076,168.641355,tertiary,yes
3731206076,1334441872,98.909352,tertiary,yes
1334441872,3731514468,144.488810,tertiary,yes
3731514468,3731514470,18.337988,tertiary,yes
3731514470,3731206100,200.680576,tertiary,yes
3731206100,3731206104,56.603037,tertiary,yes
3731206104,288390842,36.210387,tertiary,yes
288390842,288390757,15.079734,tertiary,yes
288390757,288390758,10.409293,tertiary,yes
288390758,288390759,11.152433,tertiary,yes
288390759,3722883798,10.962523,tertiary,yes
3722883798,288390760,13.760140,tertiary,yes
288390760,2303738338,10.804738,tertiary,yes
2303738338,288390761,14.078845,tertiary,yes
288390761,3722883797,12.035041,tertiary,yes
3722883797,288391201,9.932036,tertiary,yes
288391201,288390844,20.262566,tertiary,yes
288390844,3722883795,10.707912,tertiary,yes
3722883795,3722883792,257.936168,tertiary,yes
3722883792,3722883790,17.100165,tertiary,yes
3722883790,288391206,254.449122,tertiary,yes
288391206,2303738289,11.350785,tertiary,yes
2303738289,2303738276,144.759466,tertiary,yes
2303738276,1666878475,13.092782,tertiary,yes
288390245,3722883792,235.271514,tertiary,
3722883792,3722883791,9.975020,tertiary,
3722883791,288391433,111.714019,tertiary,
288391433,288391841,8.731547,tertiary,
288391841,3722883781,8.608842,tertiary,
3722883781,288391435,7.066541,tertiary,
288391435,2303738298,9.565086,tertiary,
2303738298,288391436,7.318817,tertiary,
288391436,2303738297,8.623847,tertiary,
2303738297,3722883779,8.123663,tertiary,
3722883779,2303738299,6.472719,tertiary,
2303738299,288391842,7.605674,tertiary,
288391842,3722883783,6.851387,tertiary,
3722883783,2303738301,7.452276,tertiary,
2303738301,1312828742,127.295926,tertiary,
1312828742,3731206098,165.009264,tertiary,
3731206098,3731206100,9.290774,tertiary,
3731206100,288391448,298.268995,tertiary,
288391448,288391450,14.593719,tertiary,
288391450,1337930568,7.425221,tertiary,
1337930568,288391847,7.611654,tertiary,
288391847,1337930547,8.429951,tertiary,
1337930547,288391848,8.428558,tertiary,
288391848,288391850,69.960978,tertiary,
288392987,288391987,6.591185,tertiary,
288391987,2303738241,22.643448,tertiary,
2303738241,288392113,13.631234,tertiary,
288392113,2303738253,111.849721,tertiary,
2303738253,2303738254,7.328066,tertiary,
2303738254,2303738263,202.438147,tertiary,
2303738263,289053287,207.867756,tertiary,
289053287,288392096,206.109804,tertiary,
1666878447,3722883609,108.923099,tertiary,
3722883609,1666878548,130.211318,tertiary,
1666878548,288392932,177.104871,tertiary,
288392932,288392933,24.439030,tertiary,
288392933,288393007,26.903396,tertiary,
288393007,288392935,14.904938,tertiary,
288392935,288392987,14.963888,tertiary,
288392987,288392988,18.789271,tertiary,
288392988,288392937,14.456480,tertiary,
288392937,2303738228,12.561133,tertiary,
2303738228,288392938,11.041982,tertiary,
288392938,2303738225,10.371979,tertiary,
2303738225,288392939,8.824884,tertiary,
288392939,2303738221,12.983569,tertiary,
2303738221,2303738219,39.372836,tertiary,
2303738219,2303738217,8.810530,tertiary,
2303738217,288393008,54.692853,tertiary,
288393008,2303738213,9.354424,tertiary,
2303738213,288393009,9.062913,tertiary,
288393009,2303738212,7.244262,tertiary,
2303738212,288392945,10.282718,tertiary,
288392945,288393010,14.793145,tertiary,
288393010,288392947,13.015431,tertiary,
288392947,288392993,14.904973,tertiary,
288392993,288392995,10.102591,tertiary,
288392995,288467163,39.023795,tertiary,
288467163,2303738224,94.051396,tertiary,
2303738224,2303738226,10.783292,tertiary,
2303738226,2303738248,200.941117,tertiary,
2303738248,289053284,207.568616,tertiary,
289053284,288467177,86.851337,tertiary,
288467177,288467178,8.072061,tertiary,
288467178,288467179,9.644540,tertiary,
288467179,288467180,12.715642,tertiary,
288467180,288467181,12.077819,tertiary,
288467181,288467182,11.057860,tertiary,
288467182,288467183,8.288775,tertiary,
288467183,2303738275,39.417704,tertiary,
2303738275,288672160,88.215385,tertiary,
288672160,288672163,10.091699,tertiary,
288672163,288672165,11.993213,tertiary,
288672165,288672167,12.005185,tertiary,
288672167,288672169,13.433832,tertiary,
288672169,3731206068,10.034189,tertiary,
3731206068,3731206075,87.599182,tertiary,
3731206075,3731206076,8.854860,tertiary,
3731206076,4414299139,139.780749,tertiary,
4414299139,288672186,20.094017,tertiary,
288672186,2303738302,13.790420,tertiary,
2303738302,288672187,9.312050,tertiary,
288672187,3731602769,6.095055,tertiary,
3731602769,2303738304,6.139388,tertiary,
2303738304,3731602775,8.476887,tertiary,
3731602775,288672188,7.451470,tertiary,
288672188,288672191,55.175477,tertiary,
288672191,3731602773,8.565919,tertiary,
3731602773,2303738303,6.659606,tertiary,
2303738303,288672192,9.003793,tertiary,
288672192,3731602767,6.214184,tertiary,
3731602767,288672193,6.024920,tertiary,
288672193,4414299128,39.933581,tertiary,
4414299128,288672196,48.654137,tertiary,
1321238734,1321238712,30.447724,unclassified,
1321238712,2535018026,7.301614,unclassified,
2535018026,2535018027,5.779570,unclassified,
2535018027,288692402,5.053341,unclassified,
288692402,444299356,80.951584,unclassified,
444299356,1321235556,60.833003,unclassified,
1321235556,2535001983,29.934544,unclassified,
2535001983,2535001986,23.404818,unclassified,
2535001986,1751045523,15.392995,unclassified,
1751045523,1321235527,70.124396,unclassified,
1321235527,1321204480,27.863807,unclassified,
1321204480,1321204488,54.973674,unclassified,
1321204488,2535018038,5.848005,unclassified,
2535018038,1321204481,10.790557,unclassified,
1321204481,2535018039,2.563940,unclassified,
2535018039,1321436207,47.060849,unclassified,
1321436207,1321204433,60.667131,unclassified,
1321204433,1321204412,58.997626,unclassified,
1321204412,1321204401,57.361862,unclassified,
1321204401,1321204418,59.815059,unclassified,
1321204418,623657484,77.372773,unclassified,
598550692,2376008956,162.579665,tertiary,
2376008956,2534610618,133.243633,tertiary,
2534610618,2376169792,159.381273,tertiary,
2376169792,2534592558,176.747730,tertiary,
2534592558,2534592560,17.779416,tertiary,
2534592560,1667342175,152.867515,tertiary,
1667342175,600744565,139.875657,tertiary,
600744565,1667342248,124.498051,tertiary,
1667342248,1104454076,131.061141,tertiary,
288364105,444299345,169.027259,secondary,yes
444299345,444299355,26.275996,secondary,yes
444299355,444299353,43.714434,secondary,yes
444299353,1751045528,13.029374,secondary,yes
288701221,2536258904,155.094227,tertiary,yes
2536258904,1493238981,89.062521,tertiary,yes
1493238981,1493249392,102.184350,tertiary,yes
1493249392,1493228244,38.101895,tertiary,yes
1493228244,288700899,33.836317,tertiary,yes
288700899,598553561,45.511244,tertiary,yes
598553561,598553562,34.705439,tertiary,yes
598553562,1493249370,23.170235,tertiary,yes
1493249370,598553563,9.843824,tertiary,yes
598553563,598553564,48.466427,tertiary,yes
598553564,598553565,40.802768,tertiary,yes
598553565,2305143704,18.265994,tertiary,yes
2305143704,598553566,21.464626,tertiary,yes
598553566,1493249409,6.136633,tertiary,yes
1493249409,598553567,54.544262,tertiary,yes
598553567,2305143694,29.922481,tertiary,yes
2305143694,1493265101,66.029771,tertiary,yes
1493265101,1493265087,91.968601,tertiary,yes
1493265087,2305143677,55.195695,tertiary,yes
2305143677,2536280249,14.371587,tertiary,yes
2536280249,1667341648,168.724119,tertiary,yes
1667341648,1664108169,208.024142,tertiary,yes
1664108169,1664108096,300.121516,tertiary,yes
1664108096,1664107863,296.158845,tertiary,yes
1664107863,600745305,53.870829,tertiary,yes
288701221,288701223,37.449998,unclassified,
288701223,288701224,251.278473,tertiary,
288364845,2303738197,79.100148,tertiary,
2303738197,288704759,104.125222,tertiary,
288704759,288705116,371.174504,tertiary,
288705116,289009379,202.256257,tertiary,
289009379,3722879120,134.401783,tertiary,
3722879120,289007785,116.097925,tertiary,
289007785,289008075,76.301555,tertiary,
289008075,2303738204,71.595722,tertiary,
2303738204,289008544,97.951088,tertiary,
289008544,2303738216,17.055167,tertiary,
2303738216,289008545,10.065925,tertiary,
289008545,2303738218,14.747209,tertiary,
2303738218,289008546,10.269678,tertiary,
289008546,289008547,11.376538,tertiary,
289008547,2303738222,12.782779,tertiary,
2303738222,289008548,10.115053,tertiary,
289008548,289008549,12.394688,tertiary,
289008549,2303738227,8.767772,tertiary,
2303738227,289009385,13.404828,tertiary,
289009385,289008632,63.102496,tertiary,
289008632,288703314,103.830864,tertiary,
288703314,3722883544,15.465097,tertiary,
3722883544,288703890,14.449150,tertiary,
288703890,288703894,331.509862,tertiary,
288703894,288703324,5.282030,tertiary,
288703324,288703895,4.292707,tertiary,
288703895,288703326,3.658044,tertiary,
288703326,288703896,5.906341,tertiary,
288703896,3722883753,4.132772,tertiary,
3722883753,288703328,4.309045,tertiary,
288703328,3722883767,55.023233,tertiary,
3722883767,289013442,220.798841,tertiary,
289013442,289009613,116.568440,tertiary,
289009613,289010143,205.447510,tertiary,
289010143,289012224,53.042113,tertiary,
289012224,1985662164,44.230562,tertiary,
1985662164,2367366010,91.136788,tertiary,
2367366010,370509251,233.289846,tertiary,
370509251,288703358,103.269725,tertiary,
288703358,288703913,255.323521,tertiary,
288703913,288703364,33.544706,tertiary,
288703364,1493232151,154.019816,tertiary,
1493232151,1493249423,128.754245,tertiary,
1493249423,2536258904,133.721676,tertiary,
2536258904,2536258907,10.754402,tertiary,
2536258907,748653261,70.044805,tertiary,
748653261,748653216,52.218901,tertiary,
748653216,748653217,54.271344,tertiary,
748653217,748653249,8.510896,tertiary,
748653249,2526549411,26.418068,tertiary,
2526549411,748620865,10.030568,tertiary,
748620865,748620804,15.790937,tertiary,
748620804,1768479605,8.694614,tertiary,
1768479605,2536280365,56.045765,tertiary,
2536280365,1321235559,60.563244,tertiary,
1321235559,1321235564,57.623626,tertiary,
1321235564,623655691,85.356105,tertiary,
289023236,3722883544,113.231847,tertiary,
3722883544,2303738230,173.062880,tertiary,
288363771,288767051,207.736533,tertiary,
288767051,600744566,85.815491,tertiary,
600744566,598717053,73.245767,tertiary,
598717053,598717054,65.513592,tertiary,
598717054,598717055,18.148817,tertiary,
288768823,2534592877,109.897107,trunk,yes
2534592877,288769110,20.318303,trunk,yes
288769110,281676598,246.088375,trunk,yes
288769189,288769192,24.835604,trunk_link,yes
288769192,288769193,16.990117,trunk_link,yes
288769193,2534592652,10.188376,trunk_link,yes
2534592652,2534592679,11.356944,trunk_link,yes
2534592679,288769194,10.153270,trunk_link,yes
288769194,2534592686,14.710856,trunk_link,yes
2534592686,288769195,31.316990,trunk_link,yes
288769195,2534592691,3.776578,trunk_link,yes
2534592691,288769196,4.836130,trunk_link,yes
288769196,2534592701,20.087607,trunk_link,yes
2534592701,288769100,13.591674,trunk_link,yes
288769100,2534592734,9.493676,trunk_link,yes
2534592734,288769102,12.950672,trunk_link,yes
288769102,288769103,15.225088,trunk_link,yes
288769103,2534592875,12.659650,trunk_link,yes
2534592875,288769106,7.517843,trunk_link,yes
288769106,2534592882,10.023835,trunk_link,yes
2534592882,288769107,10.550579,trunk_link,yes
288769107,2534592815,8.515848,trunk_link,yes
2534592815,288769110,20.438423,trunk_link,yes
288797930,3788621455,26.479980,tertiary,
3788621455,3788621453,231.789526,tertiary,
3788621453,288797933,27.953797,tertiary,
288797933,289023236,270.057403,tertiary,
289023236,288703754,379.039913,tertiary,
288703754,2303738211,113.975186,tertiary,
289006498,289006530,318.256790,tertiary,
289014107,289012753,248.094459,tertiary,
289012753,289009947,188.170363,tertiary,
289009947,5669022848,126.665327,tertiary,
5669022848,1985662172,40.723954,tertiary,
1985662172,1104232604,165.587440,tertiary,
1104232604,289009613,97.208631,tertiary,
1750823588,1750823586,135.207951,tertiary,
1750823586,1750823564,33.912533,tertiary,
1750823564,1750823562,97.315382,tertiary,
1750823562,1750823559,47.748176,tertiary,
1750823559,1750823557,160.970639,tertiary,
1750823557,1759541296,117.795602,tertiary,
1759541296,289012353,44.574946,tertiary,
289012353,289010135,51.833691,tertiary,
289010135,289011041,47.656921,tertiary,
289011041,289015362,104.367999,tertiary,
289015362,289009947,54.046879,tertiary,
289009947,289009948,54.094275,tertiary,
289009948,289014295,86.735231,tertiary,
289014295,289009951,125.551049,tertiary,
289010132,289015455,143.986087,tertiary,
289015455,289010135,43.676691,tertiary,
289010135,289010908,169.822073,tertiary,
289010908,289010909,163.592247,tertiary,
289010909,289010894,46.710710,tertiary,
289010894,289010143,51.201809,tertiary,
289010909,1333614199,151.407040,tertiary,
1333614199,1104232604,54.301236,tertiary,
1104232604,289010219,54.025626,tertiary,
289010219,289010220,63.666849,tertiary,
289010220,289010222,25.500768,tertiary,
289010222,289010226,125.726887,tertiary,
444294557,3722883402,240.469452,tertiary,
3722883402,3722883207,258.650460,tertiary,
3722883207,289023694,257.576410,tertiary,
288363771,288364075,17.271534,secondary,
288364075,3731514488,49.806800,secondary,
289027560,289027447,58.101221,secondary,
289027447,1985662164,8.005002,secondary,
1985662164,2908550073,46.291699,secondary,
2908550073,2908550078,146.007389,secondary,
2908550078,2367366008,82.062372,secondary,
2367366008,1759541296,158.094543,secondary,
1759541296,1939094729,274.998876,secondary,
1939094729,444292274,160.029759,secondary,
444292274,289025045,239.003295,secondary,
289025045,1455553574,72.220095,secondary,
1455553574,288706684,54.322386,secondary,
288706684,1455553564,109.645843,secondary,
1455553564,289024870,23.106348,secondary,
289024870,1664107673,140.106127,secondary,
1664107673,289025049,116.971881,secondary,
289025049,600745301,192.498956,secondary,
600745301,288706610,8.670881,secondary,
289053284,3731514455,106.365778,tertiary,
3731514455,3731514458,18.777281,tertiary,
3731514458,289053287,106.358944,tertiary,
1455553561,3722883348,140.780963,tertiary,
3722883348,1664107743,51.835205,tertiary,
1664107743,1759531757,61.574195,tertiary,
1759531757,1664107798,63.119268,tertiary,
1664107798,1759531745,34.978161,tertiary,
1759531745,1455553611,118.789076,tertiary,
1455553611,1455553673,121.012063,tertiary,
1455553673,1759531744,103.294481,tertiary,
1759531744,1455553742,35.697152,tertiary,
1455553742,1759520987,34.920533,tertiary,
1759520987,1455553766,11.185818,tertiary,
1455553766,1759520942,23.107067,tertiary,
1759520942,1455553776,36.021901,tertiary,
1455553776,3731514495,110.022703,tertiary,
3731514495,3731514466,44.256512,tertiary,
3731514466,1939094733,114.004712,tertiary,
1939094733,1750823538,38.902688,tertiary,
1750823538,1750827856,64.430924,tertiary,
1750827856,1750823589,63.944244,tertiary,
1750823589,1750823594,52.460503,tertiary,
1750823594,1750823562,56.542887,tertiary,
1750823562,370509550,84.831526,tertiary,
370509550,1750823606,30.011403,tertiary,
1750823606,370271393,112.363800,tertiary,
370271393,370509251,206.257563,tertiary,
444294561,3817789354,72.590967,trunk_link,yes
3817789354,444294562,21.733913,trunk_link,yes
444299312,444299313,222.059978,unclassified,yes
444299313,444299318,26.284354,unclassified,yes
444299324,1667341614,97.168445,unclassified,yes
1667341614,444299326,93.939154,unclassified,yes
444299326,2305143649,30.292746,unclassified,yes
2305143649,444299327,14.565876,unclassified,yes
444299327,2305143652,14.588828,unclassified,yes
2305143652,1493232152,26.547927,unclassified,yes
1493232152,1493271232,94.814221,unclassified,yes
1493271232,444299331,100.005627,unclassified,yes
288705844,288705851,190.036195,trunk_link,yes
288705851,444292272,168.925213,trunk_link,yes
444294562,3156121135,195.002649,trunk_link,yes
3156121135,444294564,170.428252,trunk_link,yes
444292272,444292273,86.913215,trunk_link,yes
444299334,288705851,220.345241,tertiary,
288705851,3156121135,63.635037,tertiary,
3156121135,444299323,226.597544,tertiary,
444299323,444299318,30.594066,tertiary,
444299318,3731514495,17.850962,tertiary,
3731514495,1455553768,152.029184,tertiary,
1455553768,444292274,173.943870,tertiary,
444299336,598550695,22.835773,trunk_link,yes
598550695,2534904703,7.954075,trunk_link,yes
2534904703,2534904704,8.299941,trunk_link,yes
2534904704,2534904705,6.002380,trunk_link,yes
2534904705,2534904706,9.594645,trunk_link,yes
2534904706,444299337,5.699164,trunk_link,yes
444299337,2534904707,16.530769,trunk_link,yes
2534904707,444299339,14.582331,trunk_link,yes
444299339,2534904713,11.937722,trunk_link,yes
2534904713,2534904717,12.624286,trunk_link,yes
2534904717,444299340,12.258852,trunk_link,yes
444299340,2534904729,20.118972,trunk_link,yes
2534904729,1320895427,43.392898,trunk_link,yes
1320895427,444299343,14.270244,trunk_link,yes
444299343,444299344,13.937243,trunk_link,yes
444299344,2534904789,10.487604,trunk_link,yes
2534904789,1320895431,13.174881,trunk_link,yes
1320895431,2534904805,66.475935,trunk_link,yes
2534904805,444299345,20.499553,trunk_link,yes
281676597,281676598,30.476785,motorway_link,yes
446785587,446785588,66.342998,motorway_link,yes
446785588,2535291711,29.436061,motorway_link,yes
2535291711,2305166869,119.988132,motorway_link,yes
2305166869,446785589,66.436804,motorway_link,yes
446785589,182371599,112.758064,motorway_link,yes
288706349,598880715,1394.906118,motorway,yes
598550697,598550699,22.884052,trunk_link,yes
598550699,2534904724,12.180578,trunk_link,yes
2534904724,598550702,10.177878,trunk_link,yes
598550702,2534917527,3.816535,trunk_link,yes
2534917527,598550705,3.501104,trunk_link,yes
598550742,2534904725,10.443237,trunk_link,yes
2534904725,598550744,26.077221,trunk_link,yes
598550744,598550748,10.782685,trunk_link,yes
598550748,598550749,8.700644,trunk_link,yes
598550749,598550751,8.991834,trunk_link,yes
598550751,598550752,8.993870,trunk_link,yes
598550752,2534904757,4.590500,trunk_link,yes
2534904757,2534904761,4.233818,trunk_link,yes
2534904761,598550755,7.119475,trunk_link,yes
598550755,598550756,7.403339,trunk_link,yes
598550756,2534904780,4.469127,trunk_link,yes
2534904780,598550758,4.423517,trunk_link,yes
598550758,2534904785,5.347558,trunk_link,yes
2534904785,598550760,4.485152,trunk_link,yes
598550760,598550761,9.156608,trunk_link,yes
598550761,598550763,8.378623,trunk_link,yes
598550763,598550764,9.025425,trunk_link,yes
598550764,2534904770,6.201743,trunk_link,yes
2534904770,598550766,6.567376,trunk_link,yes
598550766,2534904756,7.398374,trunk_link,yes
2534904756,2534904752,7.132994,trunk_link,yes
2534904752,2534904748,10.770703,trunk_link,yes
2534904748,598550767,9.481332,trunk_link,yes
288768823,2534593001,17.883147,trunk_link,yes
2534593001,598552281,14.890197,trunk_link,yes
598552281,598552282,10.801279,trunk_link,yes
598552282,2534592966,9.706619,trunk_link,yes
2534592966,2534592953,4.920003,trunk_link,yes
2534592953,598552283,5.104584,trunk_link,yes
598552283,2534592925,4.523228,trunk_link,yes
2534592925,598552284,4.808322,trunk_link,yes
598552284,2534592903,4.140703,trunk_link,yes
2534592903,598552285,4.170453,trunk_link,yes
598552285,2534592887,3.269419,trunk_link,yes
2534592887,598552286,3.701385,trunk_link,yes
598552286,2534592848,2.734887,trunk_link,yes
2534592848,2534592828,2.920738,trunk_link,yes
2534592828,598552287,5.342790,trunk_link,yes
598552287,2534592782,4.049288,trunk_link,yes
2534592782,598552288,4.991951,trunk_link,yes
598552288,2534592768,4.087495,trunk_link,yes
2534592768,2534592770,4.219886,trunk_link,yes
2534592770,2534592773,5.915342,trunk_link,yes
2534592773,598552289,4.960427,trunk_link,yes
598552289,2534592804,5.253664,trunk_link,yes
2534592804,598552290,5.180532,trunk_link,yes
598552290,2534592862,4.314586,trunk_link,yes
2534592862,598552291,4.502206,trunk_link,yes
598552291,598552292,8.363942,trunk_link,yes
598552292,2534592918,6.595773,trunk_link,yes
2534592918,2534592948,6.627719,trunk_link,yes
2534592948,2534592957,5.220501,trunk_link,yes
2534592957,2534592970,5.841226,trunk_link,yes
2534592970,2534592977,6.267585,trunk_link,yes
2534592977,2534592985,5.677385,trunk_link,yes
2534592985,598552293,8.638115,trunk_link,yes
598552299,598552302,16.411198,trunk_link,yes
598552302,598552303,15.737296,trunk_link,yes
600745304,2305143629,47.680023,tertiary,yes
2305143629,1664107888,43.067803,tertiary,yes
1664107888,1664107938,57.869963,tertiary,yes
1664107938,1664108007,57.849311,tertiary,yes
1664108007,1664108048,57.760345,tertiary,yes
1664108048,1664108071,57.705348,tertiary,yes
1664108071,1664108110,58.135393,tertiary,yes
1664108110,1664108135,57.917051,tertiary,yes
1664108135,610279051,57.800937,tertiary,yes
610279051,1667341571,57.842116,tertiary,yes
1667341571,1667341579,57.899948,tertiary,yes
1667341579,1667341588,58.142695,tertiary,yes
1667341588,1667341604,57.596074,tertiary,yes
1667341604,2305143641,57.474591,tertiary,yes
2305143641,1667341647,58.008047,tertiary,yes
1667341647,2305143658,58.423451,tertiary,yes
2305143658,748620838,56.930750,tertiary,yes
748620838,2536280250,67.581183,tertiary,yes
2536280250,2305143678,12.024770,tertiary,yes
2305143678,748620816,152.479708,tertiary,yes
748620816,748620844,58.584459,tertiary,yes
748620844,598553570,26.594905,tertiary,yes
598553570,748620874,29.955977,tertiary,yes
748620874,598553571,32.295941,tertiary,yes
598553571,2305143707,25.455537,tertiary,yes
2305143707,598553572,17.786436,tertiary,yes
598553572,748620828,41.947978,tertiary,yes
748620828,598553573,14.342133,tertiary,yes
598553573,598553574,33.737637,tertiary,yes
598553574,748620929,13.410408,tertiary,yes
748620929,598553575,26.673995,tertiary,yes
598553575,598553576,31.004208,tertiary,yes
598553576,610279055,21.889167,tertiary,yes
610279055,598553577,27.246196,tertiary,yes
598553577,748653246,38.620268,tertiary,yes
748653246,748620863,68.551276,tertiary,yes
748620863,748653219,69.320220,tertiary,yes
748653219,2536258907,79.596384,tertiary,yes
2536258907,2536258909,36.483056,tertiary,yes
2536258909,598553579,50.425072,tertiary,yes
598553579,4704783645,62.080646,tertiary,yes
4704783645,288701221,13.994461,tertiary,yes
598550705,2534917534,5.021850,trunk_link,yes
2534917534,2534904732,4.714012,trunk_link,yes
2534904732,2534917532,3.306214,trunk_link,yes
2534917532,2534904731,3.345303,trunk_link,yes
2534904731,2534917520,4.017810,trunk_link,yes
2534917520,2534904728,4.462542,trunk_link,yes
2534904728,2534917512,3.891099,trunk_link,yes
2534917512,598550707,3.968703,trunk_link,yes
598550707,2534917501,3.667025,trunk_link,yes
2534917501,598550708,3.609160,trunk_link,yes
598550708,2534917491,3.302639,trunk_link,yes
2534917491,598550710,3.103271,trunk_link,yes
598550710,2534917484,3.520083,trunk_link,yes
2534917484,2534904719,3.628688,trunk_link,yes
2534904719,598550711,6.674102,trunk_link,yes
598550711,2534917471,4.281504,trunk_link,yes
2534917471,598550713,4.458047,trunk_link,yes
598550713,2534917465,3.744699,trunk_link,yes
2534917465,598550714,3.835653,trunk_link,yes
598550714,2534917454,3.341361,trunk_link,yes
2534917454,598550716,3.489467,trunk_link,yes
598550716,2534917444,4.378493,trunk_link,yes
2534917444,598550718,4.830732,trunk_link,yes
598550718,2534917435,4.305657,trunk_link,yes
2534917435,2534904710,4.821493,trunk_link,yes
2534904710,2534917426,4.664994,trunk_link,yes
2534917426,598550720,5.060940,trunk_link,yes
598550720,2534917407,5.539982,trunk_link,yes
2534917407,598550722,5.450027,trunk_link,yes
598550722,2534917401,2.713388,trunk_link,yes
2534917401,2534917398,2.429923,trunk_link,yes
2534917398,598550723,5.092356,trunk_link,yes
598550723,2534917410,5.240930,trunk_link,yes
2534917410,598550725,5.114412,trunk_link,yes
598550725,598550727,11.228734,trunk_link,yes
598550727,2534904712,25.833773,trunk_link,yes
2534904712,598550730,15.338568,trunk_link,yes
598550767,598550772,7.233454,trunk_link,yes
598550772,598550775,6.491943,trunk_link,yes
598550775,598550776,37.013341,trunk_link,yes
598552303,2534593013,6.674773,trunk_link,yes
2534593013,598552304,7.636245,trunk_link,yes
598552304,2534593008,8.674292,trunk_link,yes
2534593008,598552305,10.151718,trunk_link,yes
598552305,2534593018,6.950534,trunk_link,yes
2534593018,598552306,6.458823,trunk_link,yes
598552306,2534593033,7.504679,trunk_link,yes
2534593033,598552307,7.068296,trunk_link,yes
598552307,2534593047,4.673115,trunk_link,yes
2534593047,2534593055,5.946430,trunk_link,yes
2534593055,598552308,7.821319,trunk_link,yes
598552308,598552309,11.957647,trunk_link,yes
598552309,2534593108,10.794123,trunk_link,yes
2534593108,598552310,5.766060,trunk_link,yes
598552310,598552311,6.121930,trunk_link,yes
598552311,598552312,10.639180,trunk_link,yes
598552312,598552313,10.939889,trunk_link,yes
598552313,598552314,9.387293,trunk_link,yes
598552314,598552315,6.989021,trunk_link,yes
598552315,598552316,14.425058,trunk_link,yes
598552316,598552317,29.209097,trunk_link,yes
598552293,598552297,16.706560,trunk_link,yes
598552297,598552298,17.145646,trunk_link,yes
252842898,301168325,207.935778,motorway,yes
301168325,252842899,155.763705,motorway,yes
252842899,598879676,374.096841,motorway,yes
598879676,598879678,213.605609,motorway,yes
598879677,182371585,215.677412,motorway,yes
182371585,182371572,369.624092,motorway,yes
182371572,182371564,160.718431,motorway,yes
182371564,182371553,199.803945,motorway,yes
598879678,281676594,327.461349,motorway,yes
281676594,598880714,183.015484,motorway,yes
465499309,3817796330,69.759670,trunk,yes
3817796330,600744522,175.943316,trunk,yes
600744522,598552317,162.856521,trunk,yes
598552317,288768823,54.513337,trunk,yes
598880713,182371599,195.146573,motorway,yes
182371599,598879677,318.708891,motorway,yes
598880714,1755937657,612.400722,motorway,yes
1755937657,598880716,132.469390,motorway,yes
598880716,252842900,1393.915544,motorway,yes
598880715,1755937680,128.034815,motorway,yes
1755937680,598880713,615.622129,motorway,yes
598880719,598880717,276.990678,trunk,yes
598880720,1755937681,45.331563,trunk,yes
1755937681,1750823588,287.755246,trunk,yes
1750823588,444294561,146.606906,trunk,yes
444294561,444299312,280.476084,trunk,yes
444299312,444299321,19.377453,trunk,yes
444299321,281676599,237.399990,trunk,yes
281676599,3731514456,225.832710,trunk,yes
3731514456,288769759,25.534993,trunk,yes
288769759,281676600,302.846783,trunk,yes
598880718,598880720,290.622828,trunk,yes
598880717,446785587,84.043733,trunk,yes
446785587,2535291714,146.082448,trunk,yes
2535291714,444299336,145.538517,trunk,yes
444299336,598550730,144.227730,trunk,yes
598550730,598550742,36.598933,trunk,yes
598550742,600744561,168.876213,trunk,yes
600744561,288706096,245.583898,trunk,yes
600744522,600744523,53.882042,trunk_link,yes
600744523,600744524,15.801129,trunk_link,yes
600744524,600744525,13.902883,trunk_link,yes
600744525,600744527,7.879368,trunk_link,yes
600744527,600744528,7.587347,trunk_link,yes
600744528,600744529,6.755445,trunk_link,yes
600744529,600744532,25.332434,trunk_link,yes
600744532,600744533,8.089147,trunk_link,yes
600744533,600744535,7.243908,trunk_link,yes
600744535,2534593051,7.891083,trunk_link,yes
2534593051,600744536,7.738958,trunk_link,yes
600744536,2534593030,9.180356,trunk_link,yes
2534593030,600744537,8.556560,trunk_link,yes
600744537,2534593014,0.033286,trunk_link,yes
2534593014,600744538,28.302905,trunk_link,yes
600744538,600744539,13.520446,trunk_link,yes
600744539,2534592930,10.339251,trunk_link,yes
2534592930,600744540,11.516084,trunk_link,yes
600744540,600744541,20.955844,trunk_link,yes
600744541,600744542,12.643129,trunk_link,yes
600744542,600744543,45.534915,trunk_link,yes
600744544,1320895434,16.293162,trunk_link,yes
1320895434,3817796329,18.528029,trunk_link,yes
3817796329,1320895446,37.174183,trunk_link,yes
1320895446,2534904804,14.524564,trunk_link,yes
2534904804,600744545,10.987491,trunk_link,yes
600744545,2534904801,11.408039,trunk_link,yes
2534904801,600744546,12.918200,trunk_link,yes
600744546,600744547,13.824197,trunk_link,yes
600744547,600744548,22.783941,trunk_link,yes
600744548,1321244655,12.607355,trunk_link,yes
1321244655,600744549,11.156412,trunk_link,yes
600744549,600744550,11.283952,trunk_link,yes
600744550,600744552,13.293708,trunk_link,yes
600744552,600744553,10.590228,trunk_link,yes
600744553,600744554,8.691936,trunk_link,yes
600744554,600744555,13.170038,trunk_link,yes
600744555,600744556,18.092506,trunk_link,yes
600744556,600744557,8.298137,trunk_link,yes
600744557,600744558,7.380894,trunk_link,yes
600744558,600744559,11.498618,trunk_link,yes
600744559,600744560,17.261036,trunk_link,yes
600744560,2534904802,35.593486,trunk_link,yes
2534904802,600744561,12.952750,trunk_link,yes
600744562,1321506653,197.532751,tertiary,
1321506653,1321445232,59.885332,tertiary,
1321445232,600744566,52.588199,tertiary,
600744566,600744565,319.080894,tertiary,
600744565,1667342249,132.059169,tertiary,
1667342249,600744563,107.885641,tertiary,
288706066,3817789352,66.162863,trunk,yes
3817789352,3817789353,103.925198,trunk,yes
3817789353,1664108009,26.665152,trunk,yes
1664108009,288706067,17.831716,trunk,yes
288706067,288706356,94.365527,trunk,yes
288706356,288706094,223.942644,trunk,yes
288706094,1667341572,123.033487,trunk,yes
1667341572,1667341582,87.864363,trunk,yes
1667341582,444299324,60.399837,trunk,yes
444299324,444299331,14.578024,trunk,yes
444299331,1493271231,142.972311,trunk,yes
1493271231,444292273,105.302104,trunk,yes
444292273,1493249411,36.163393,trunk,yes
1493249411,1493249322,143.120576,trunk,yes
1493249322,1493228243,132.847653,trunk,yes
1493228243,598880719,207.573232,trunk,yes
610279055,748653254,22.795431,tertiary,
748653254,748620851,152.572300,tertiary,
748620851,748620902,14.471799,tertiary,
748620902,748620834,5.565811,tertiary,
748620834,748533033,161.090248,tertiary,
748533033,748620918,101.329065,tertiary,
748620918,748533017,96.485395,tertiary,
748533017,748533021,86.138769,tertiary,
748533021,610279056,75.118490,tertiary,
610279056,610279054,40.137556,tertiary,
747636976,1321235517,121.704675,tertiary,
1321235517,1321235507,60.501715,tertiary,
1321235507,1321235561,57.997063,tertiary,
1321235561,1321237029,58.492004,tertiary,
1321237029,1321237032,54.464793,tertiary,
1321237032,288700148,140.554113,tertiary,
748620863,748653258,92.931037,unclassified,
748653258,748620814,106.827903,unclassified,
748620814,748620882,13.872852,unclassified,
748620882,1496260782,5.614052,unclassified,
1496260782,748620835,204.752790,unclassified,
748620835,3580946516,23.623091,unclassified,
3580946516,748620829,174.573194,unclassified,
748620829,748620841,85.950219,unclassified,
748620841,610279058,135.658584,unclassified,
1312815595,1312815606,59.639634,footway,
1321118178,1321118161,5.759114,footway,
1321118161,2534917382,19.086952,footway,
2534917382,1321118181,10.590181,footway,
1321118181,1321118169,16.352470,footway,
1321118169,2534917368,9.996302,footway,
2534917368,2534917363,5.144053,footway,
2534917363,1321118165,4.982241,footway,
1321118154,1321118170,75.473228,footway,
2534610650,2534610647,2.944851,footway,
2534610647,2534610643,25.224009,footway,
2534610643,2534610642,3.514493,footway,
2534610642,2534610658,117.836486,footway,
2534610658,2534610659,6.275535,footway,
2534610659,2534610661,10.658003,footway,
2534610661,2534610665,18.826632,footway,
2534610665,1321118168,5.293956,footway,
1321118168,1321118155,41.000570,footway,
1321118155,2534592566,3.467405,footway,
2534592569,2534592618,42.792476,footway,
2534592618,1347469264,3.495429,footway,
1347469264,1347469262,17.776753,footway,
1347469262,2534592736,12.560066,footway,
2534592736,2534592856,15.842955,footway,
2534592856,1347469268,11.484591,footway,
1347469268,2534592935,10.229239,footway,
2534592935,2534592963,9.446425,footway,
2534592963,2534592975,10.070932,footway,
2534592975,2534593020,33.896971,footway,
2534593020,2534593164,97.784291,footway,
2534593164,2534593184,10.543129,footway,
2534593184,2534593194,6.966798,footway,
2534593194,2534593202,6.463790,footway,
2534593202,2534593204,7.753325,footway,
2534593204,2534593209,7.836149,footway,
2534593209,2534593213,6.635469,footway,
2534593213,2534593218,7.148982,footway,
2534593218,2534593222,8.146315,footway,
2534593222,2534593228,11.915186,footway,
2534593228,2534593230,9.029268,footway,
2534593230,2534593233,10.947036,footway,
2534593233,2534593240,49.479883,footway,
2534593240,2534593247,35.743246,footway,
2534593247,2534593252,58.365735,footway,
2534593252,2534593256,5.801533,footway,
2534593256,2534593261,57.118143,footway,
1321118151,1321118178,7.115801,footway,
1321118178,1321118159,42.532006,footway,
1321118159,2534917529,22.102138,footway,
1321118152,1321118173,11.122417,footway,
1321118173,2534593152,11.808466,footway,
2534593152,1321118153,12.099258,footway,
1321118153,1321118176,102.401587,footway,
1321118176,1321118175,29.631461,footway,
1321118175,2534904796,9.283982,footway,
2534904796,2534904799,7.838840,footway,
2534904799,1321118154,5.349866,footway,
1321118177,1321118146,17.337385,footway,
1321118146,1321118160,100.303720,footway,
1321118160,2534635849,4.577158,footway,
2534635849,1321118163,12.073507,footway,
1321118163,2534635850,8.281701,footway,
2534635850,1321118157,7.937093,footway,
1321118157,1321118151,12.647915,footway,
1321126463,1321126445,35.592281,unclassified,
1321126445,2535001966,11.866694,unclassified,
2535001966,1321126437,10.855120,unclassified,
1321126437,2535001963,11.151014,unclassified,
2535001963,2535001957,14.057222,unclassified,
2535001957,1321126448,9.822099,unclassified,
1321126448,1321244666,6.265469,unclassified,
1321244666,1321126447,62.304601,unclassified,
1321126447,1321244651,61.588135,unclassified,
1321244651,2535001952,17.181322,unclassified,
2535001952,2535001954,10.920642,unclassified,
2535001954,1321126457,10.066315,unclassified,
1321126457,1321126469,9.273947,unclassified,
1321126469,1321244657,8.586043,unclassified,
1321244657,2535001960,5.664672,unclassified,
2535001960,1321126444,10.676276,unclassified,
1321126444,2535001968,12.540483,unclassified,
2535001968,1321240321,22.071624,unclassified,
1321240321,1667342305,49.196166,unclassified,
1667342305,2535001971,15.674335,unclassified,
2535001971,1321126466,13.223476,unclassified,
1321126466,1321126464,9.457849,unclassified,
1321126464,1321244669,13.066038,unclassified,
1321244669,1321126467,5.037986,unclassified,
1321126467,1321126456,43.869208,unclassified,
1321235507,2535018031,150.514729,unclassified,
2535018031,1321235568,173.230323,unclassified,
2533090260,2533090278,77.273690,tertiary,
2533090278,1321238735,98.965377,tertiary,
1321238735,1321238723,13.197926,tertiary,
1321238723,288701224,94.115415,tertiary,
288701224,2533090408,63.997496,tertiary,
2533090408,2533090450,79.415169,tertiary,
2533090450,1321238734,91.132379,tertiary,
1321238734,1321238716,19.618987,tertiary,
1321238716,2535001980,152.388833,tertiary,
2535001980,1751045547,29.279614,tertiary,
1321240330,1667342559,81.189908,tertiary,
1667342559,1667342537,49.703890,tertiary,
1667342537,1321240318,49.380505,tertiary,
1321240318,1667342442,50.612389,tertiary,
1667342442,1321244670,49.570899,tertiary,
1321244670,1667342406,48.810204,tertiary,
1667342406,1321240329,49.458522,tertiary,
1321240329,1667342378,15.239338,tertiary,
1667342378,1321244649,33.345915,tertiary,
1321244649,1321244654,44.224991,tertiary,
1321244654,1321244668,44.050348,tertiary,
1321244668,1321244664,43.015310,tertiary,
1321244664,1321126463,25.183007,tertiary,
1334441941,1334441904,4.557706,footway,
1334441904,1334441896,3.137213,footway,
1334441896,1334441927,9.975116,footway,
1334441927,1334441915,5.643609,footway,
1334441915,1334441900,5.584139,footway,
1334441900,1334441894,5.049988,footway,
1334441894,1334441923,6.631844,footway,
1334441923,1334441912,4.730586,footway,
1334441912,1334441947,6.979235,footway,
1334441947,1334441905,6.633002,footway,
1334441915,1334441884,14.407960,footway,
1334441957,1334441924,8.917580,footway,
1334441924,1334441914,4.524734,footway,
1334441914,1334441894,4.118370,footway,
1334441950,1334441933,4.117565,footway,
1334441933,1334441921,4.955695,footway,
1334441921,1334441956,7.088620,footway,
1334441956,1334441944,10.699574,footway,
1334441944,1334441875,33.927337,footway,
1334441875,1334441867,11.040577,footway,
1334441867,1334441952,7.642202,footway,
1334441952,1334441937,4.781070,footway,
1334441937,1334441871,3.709011,footway,
1334441871,1334441934,1.570375,footway,
1334441934,1334441961,1.971091,footway,
1334441961,1334441889,7.182057,footway,
1334441889,1334441873,4.570664,footway,
1334441873,1334441882,5.948365,footway,
1334441882,1334441905,7.446104,footway,
1334441895,1334441902,50.367119,footway,
1334441902,1334441879,97.790325,footway,
1334441879,1334441913,6.826979,footway,
1334441913,1334441892,33.684712,footway,
1334441892,1334441963,11.040160,footway,
1334441963,1334441888,16.767735,footway,
1334441888,1334441957,20.449376,footway,
1334441957,1334441930,38.622148,footway,
1334441930,1334441895,19.002922,footway,
1334441895,1334441901,4.382958,footway,
1334441901,1334441907,2.219067,footway,
1334441934,1334441916,14.632394,footway,
1334441916,1334441925,9.261060,footway,
1334441946,1334441876,12.153771,footway,
1334441876,1334441868,70.261572,footway,
1334441868,1334441893,11.742593,footway,
1334441893,1334441885,4.639478,footway,
1334441885,1334441909,18.952579,footway,
1334441892,1334441875,12.378115,footway,
1334441875,1334441869,12.607621,footway,
1334441956,1334441887,18.051302,footway,
1334441887,1334441878,10.769281,footway,
1334441878,1334441931,8.313717,footway,
1334441931,1334441920,27.920935,footway,
1334441920,1334441955,5.474771,footway,
1334441955,1334441942,8.471115,footway,
1334441942,1334441874,5.560957,footway,
1334441874,1334441909,6.406147,footway,
1334441909,1334441866,15.443464,footway,
1334441866,1334441890,6.851302,footway,
1334441890,1334441902,8.007081,footway,
1334441930,1334441919,9.136696,footway,
1334441919,1334441954,5.028050,footway,
1334441954,1334441941,3.598314,footway,
1334441941,1334441911,1.756033,footway,
1334441911,1334441899,8.348975,footway,
1334441913,1334441944,13.832103,footway,
1334441888,1334441905,22.076924,footway,
1334441905,1334441865,14.269214,footway,
1336182831,1336182796,75.041323,tertiary,
1336182796,1336182839,73.643753,tertiary,
1336182839,1336182827,89.228896,tertiary,
1336182827,1336182794,57.147983,tertiary,
1336182794,1336182798,72.246581,tertiary,
1336182798,1343315507,170.004591,tertiary,
1343315507,1343315334,29.457050,tertiary,
1343315334,1336182788,39.614220,tertiary,
1343383588,1343383470,138.320489,tertiary,
1343383470,1343383509,12.040358,tertiary,
1343383509,1343383575,11.667727,tertiary,
1343383575,1343383600,10.511980,tertiary,
1343383600,1343383555,41.230550,tertiary,
1343383555,1343383484,39.083756,tertiary,
1343383484,1343383531,10.909421,tertiary,
1343383531,1343383586,8.285811,tertiary,
1343383586,1343383467,11.069425,tertiary,
1343383467,1343383506,9.185524,tertiary,
1343383506,1343383602,100.789342,tertiary,
1343383602,288390225,69.490794,tertiary,
2534593020,1321118166,7.033424,footway,
1321118166,2534593014,9.291316,footway,
2534593014,2534593009,7.187382,footway,
2534593009,2534592995,25.383190,footway,
2534592995,1347469263,26.147368,footway,
1347473877,1332305992,7.313889,footway,
1332305992,1347473876,5.929782,footway,
1347473876,1347473872,10.453955,footway,
1455553578,1455553609,129.813982,unclassified,
1455553609,3731593164,34.212342,unclassified,
3731593164,1455553637,37.819426,unclassified,
1455553637,1455553675,67.633606,unclassified,
1455553675,1455553701,36.239182,unclassified,
1455553701,1455553718,35.227994,unclassified,
1455553718,1455553749,70.295781,unclassified,
1455553749,1455553768,63.580626,unclassified,
1455553790,1455553785,105.440306,unclassified,
1455553785,1759521024,33.764905,unclassified,
1759521024,1759520953,37.026531,unclassified,
1759520953,1455553770,32.612650,unclassified,
1455553637,1455553623,33.776765,unclassified,
1455553623,1455553592,100.774138,unclassified,
1455553742,1455553770,94.833577,unclassified,
1455553770,1455553779,35.309893,unclassified,
1455553695,1759521018,30.516890,unclassified,
1759521018,1455553652,33.398715,unclassified,
1455553652,1455553634,32.367324,unclassified,
1455553634,1455553698,105.647228,unclassified,
1455553769,1455553738,98.264322,unclassified,
1455553738,1455553695,106.777877,unclassified,
1455553695,1455553673,22.944663,unclassified,
1455553766,1455553755,24.985039,tertiary,
1455553755,1455553715,93.262058,tertiary,
1455553715,1455553701,33.356359,tertiary,
1455553701,1455553681,33.195597,tertiary,
1455553681,1455553625,101.266358,tertiary,
1455553574,3722883410,40.179763,unclassified,
3722883410,1455553607,96.920309,unclassified,
1455553607,3731593164,37.665244,unclassified,
3731593164,1455553645,39.390138,unclassified,
1455553645,1455553693,87.113573,unclassified,
1455553693,3731593193,15.856903,unclassified,
1759531734,3722883573,23.326233,unclassified,
3722883573,1455553698,25.255019,unclassified,
1455553698,1455553711,32.185681,unclassified,
1455553711,1759521015,31.217255,unclassified,
1759521015,1455553738,31.754509,unclassified,
1455553738,3722883617,13.287499,unclassified,
3722883617,3722883623,3.164987,unclassified,
3722883623,1759521001,18.691935,unclassified,
1759521001,1759520983,34.036659,unclassified,
1759520983,1759520993,33.611823,unclassified,
1759520993,1455553779,37.044569,unclassified,
1455553779,1759520955,79.713718,unclassified,
1759520955,1455553788,24.018504,unclassified,
1493232152,1745359030,39.299745,tertiary,
1745359030,1493265083,103.813289,tertiary,
1493265083,1493249347,141.389585,tertiary,
1493249347,1493249397,143.322230,tertiary,
1493249370,1493249387,92.762128,tertiary,
1493249387,1493249377,87.937363,tertiary,
1493249377,1493265090,93.812184,tertiary,
1493265090,1745359027,56.430325,tertiary,
1745359027,1493249397,39.566392,tertiary,
1493249397,1493271229,53.268114,tertiary,
1493271229,1493271236,42.496062,tertiary,
1493271236,1493249322,98.555596,tertiary,
1494179721,1494179720,92.211563,footway,
1651533205,3731207276,2.588670,footway,
3731207276,3731207278,2.825225,footway,
3731207278,3731207279,2.607480,footway,
3731207279,3731206056,281.721461,footway,
3731206056,3731206057,7.046177,footway,
3731206057,3731206058,9.497457,footway,
3731206058,3731206059,11.749374,footway,
3731206059,3731206062,12.039862,footway,
3731206062,3731206064,8.227413,footway,
3731206064,3731206066,6.180701,footway,
3731206066,3731206065,32.152318,footway,
3731206065,3731206063,2.177344,footway,
3731206063,3731206061,2.933589,footway,
3731206061,3731206060,2.519815,footway,
3731206060,3731207292,158.142312,footway,
3731207292,3731207290,6.254203,footway,
3731207290,3731207289,9.121992,footway,
3731207289,3731207288,8.258295,footway,
3731207288,1651533300,10.479906,footway,
1651533300,1651533293,9.818096,footway,
1651533293,3731207281,6.755141,footway,
3731207281,1651533239,8.446166,footway,
1651533239,3731207275,5.956489,footway,
3731207275,1651533176,7.472409,footway,
1651533176,1651533069,58.732868,footway,
1651533069,1651533066,5.035789,footway,
1651533066,1651533026,5.177513,footway,
1651533026,1651533010,3.641803,footway,
1651533010,1651532866,79.456495,footway,
1651532866,1651532790,85.147036,footway,
1651532790,1651532771,39.653194,footway,
1651532771,1651532760,3.248901,footway,
1651532760,1651532763,6.883753,footway,
1651532763,1651532766,4.198174,footway,
1651532766,1651533205,281.061632,footway,
3722883555,3722883593,155.730672,footway,
3722883593,3722883596,2.268031,footway,
3722883596,3722883595,8.604267,footway,
3722883595,1651533301,2.578598,footway,
1651533301,1651533114,278.309649,footway,
1651533114,1651533059,37.082583,footway,
1651533059,1651533022,2.698399,footway,
1651533022,1651533009,7.467141,footway,
1651533009,1651532987,3.320984,footway,
1651532987,1651532775,188.063891,footway,
1651532775,1651532769,2.736533,footway,
3722883378,3722883374,4.818291,footway,
3722883374,3722883367,4.205681,footway,
3722883367,3722883364,4.361719,footway,
3722883364,3722883362,7.163094,footway,
3722883362,3722883361,5.729008,footway,
3722883361,3722883358,6.033342,footway,
3722883358,3722883357,5.815978,footway,
3722883357,3722883356,6.505747,footway,
3722883356,3722883355,4.599003,footway,
3722883355,3722883353,7.806879,footway,
3722883353,3722883350,5.336173,footway,
3722883350,3722883349,5.850093,footway,
3722883349,3722883347,7.405202,footway,
3722883347,3722883345,7.261283,footway,
3722883345,3722883342,5.144832,footway,
3722883342,3722883340,6.596809,footway,
3722883340,3722883338,15.676873,footway,
3722883338,3722883206,80.745294,footway,
3722883206,3722883204,4.156768,footway,
3722883204,3722883200,5.007225,footway,
3722883200,3722883196,4.621036,footway,
3722883196,1652725627,70.701546,footway,
1652725627,1652725621,132.227017,footway,
1652725621,1652725619,5.885709,footway,
1652725619,1652725618,6.204474,footway,
1652725618,1652725620,5.462891,footway,
1652725620,1652725660,249.894726,footway,
1652725660,1652792641,6.931143,footway,
1652792641,3722883221,5.063457,footway,
3722883221,1652792643,5.038611,footway,
1652792643,3722883403,227.481515,footway,
3722883403,1652792938,219.555885,footway,
1652792938,1652792939,4.895849,footway,
1652792939,3731207294,9.465012,footway,
3731207294,3731207293,5.173153,footway,
3731207293,3731207282,77.362182,footway,
3731207282,3731207280,2.949574,footway,
3731207280,3731207277,7.046963,footway,
3731207277,3731207274,4.725918,footway,
3731207274,3731207263,174.484372,footway,
1652792911,1652792798,234.430865,footway,
1652792798,1652792785,2.316299,footway,
1652792785,1652792788,1.736617,footway,
1652792788,1652792840,104.454542,footway,
1652792840,1652792845,1.782277,footway,
1652792845,1652792849,2.287453,footway,
1652792849,1652792854,9.919012,footway,
1652792854,3722883545,83.758156,footway,
3722883545,1652792959,139.936547,footway,
3722883564,1652792855,232.515439,footway,
1652792855,1652792851,3.155883,footway,
1652792851,1652792853,2.779712,footway,
1652792853,3722883537,56.862719,footway,
3731593209,3731593210,3.154378,footway,
3731593210,3731593218,46.602819,footway,
3731593218,3731593219,4.582916,footway,
3731593219,1652792996,148.480321,footway,
1652792996,1652792986,3.043163,footway,
1652792986,1652792969,8.212677,footway,
1652792969,1652792966,3.236151,footway,
1652792966,1652792962,44.041973,footway,
1652792962,1652792960,18.062842,footway,
1652792960,1652792937,46.438821,footway,
1652792937,1652792914,41.922199,footway,
1652792914,1652792898,48.971723,footway,
1652792898,1652792847,85.840232,footway,
1652792847,1652792836,2.388193,footway,
1652792836,1652792838,1.747850,footway,
1652792838,3722883411,28.454950,footway,
3722883411,1652792868,22.779221,footway,
1652792868,3731593159,103.808200,footway,
3731593159,3731593162,1.277241,footway,
3731593162,3731593166,3.073380,footway,
3731593166,3731593168,1.277241,footway,
3731593168,3731593175,23.088215,footway,
3731593175,3731593176,1.027357,footway,
3731593176,3731593177,2.862238,footway,
1652792962,3722883574,26.873750,footway,
3722883574,1455553683,3.691140,footway,
1652792965,1652792987,37.139650,footway,
1652792987,1652793015,40.851026,footway,
1652793015,1652793019,8.198411,footway,
1667342226,1667342254,101.723490,unclassified,
1667342254,1667342277,103.669755,unclassified,
1667342277,1667342285,34.190245,unclassified,
1667342285,2534593258,68.678657,unclassified,
2534593258,1667342335,68.446933,unclassified,
1667342335,1667342347,34.222981,unclassified,
1667342347,1667342308,82.806366,unclassified,
1667342308,1667342270,102.340136,unclassified,
1667342270,1667342263,34.017178,unclassified,
1667342263,1667342257,61.694055,unclassified,
1667342257,1667342235,74.770356,unclassified,
1667342235,1667342226,34.056511,unclassified,
1667342221,1667342250,116.549572,unclassified,
1667342256,1667342284,135.949241,unclassified,
1667342259,1667342229,115.902312,unclassified,
1667342271,1667342321,135.952500,unclassified,
1667342310,1667342264,136.208845,unclassified,
1667342269,1667342244,136.528324,unclassified,
1667342172,1667342212,114.927324,unclassified,
1667342212,1667342231,115.921702,unclassified,
1667342150,1667342189,122.827198,unclassified,
1667342189,1667342217,115.850870,unclassified,
1667342224,1667342202,115.706896,unclassified,
1667342202,1667342159,122.863483,unclassified,
1667342308,1667342293,34.151619,unclassified,
1667342293,1667342260,136.036006,unclassified,
1667342260,1667342254,35.616044,unclassified,
1667342254,1667342248,22.622011,unclassified,
1667342257,1667342249,22.061140,unclassified,
1667342249,1667342242,24.310820,unclassified,
1667342242,1667342215,115.818583,unclassified,
1667342215,1667342196,86.341997,unclassified,
1667342263,1667342269,34.034979,unclassified,
1667342269,1667342284,34.076126,unclassified,
1667342284,1667342293,33.759544,unclassified,
1667342293,1667342310,34.190992,unclassified,
1667342310,1667342321,34.044874,unclassified,
1667342321,1667342335,18.276221,unclassified,
1667342235,1667342244,34.098290,unclassified,
1667342244,1667342256,33.849959,unclassified,
1667342256,1667342260,33.890323,unclassified,
1667342260,1667342264,33.987285,unclassified,
1667342264,1667342271,34.072608,unclassified,
1667342271,1667342285,32.142212,unclassified,
1667342220,1667342213,58.309553,unclassified,
1667342213,1667342196,39.125791,unclassified,
1667342196,2534592971,20.973828,unclassified,
2534592971,2534592954,6.516946,unclassified,
2534592954,1667342174,10.592679,unclassified,
1667342174,1667342172,7.961355,unclassified,
1667342172,2534592857,10.107201,unclassified,
2534592857,1667342167,9.365540,unclassified,
1667342167,2534592730,8.831143,unclassified,
2534592730,1667342159,8.798013,unclassified,
1667342159,1667342150,35.708456,unclassified,
288694444,623657484,51.502860,tertiary,
623657484,1321436222,58.775255,tertiary,
1321436222,1321436281,58.156036,tertiary,
1321436281,1321436216,57.209300,tertiary,
1321436216,1321436267,57.713391,tertiary,
1321436267,1321219009,115.318311,tertiary,
1321219009,1321235545,27.299043,tertiary,
1321235545,1751045555,67.822069,tertiary,
1751045555,1321235544,65.457701,tertiary,
1321235544,288694453,58.108696,tertiary,
288694453,2535018033,119.792312,tertiary,
2535018033,2535018031,58.686047,tertiary,
2535018031,2535018030,57.061873,tertiary,
2535018030,1321235573,96.756461,tertiary,
1321235573,1321235574,26.448792,tertiary,
1321235574,1764200400,41.129334,tertiary,
1764200399,1764200406,20.077774,footway,
1764200406,1764200408,6.207244,footway,
1764200402,1764200399,7.085528,footway,
1939094733,1939094729,327.182851,tertiary,
288364095,2534592987,34.601694,secondary,yes
2534592987,598552298,49.307909,secondary,yes
598552298,598550697,106.435999,secondary,yes
598550697,2534593187,38.651312,secondary,yes
2534593187,288364105,48.188298,secondary,yes
2303738284,2303738277,40.044404,tertiary,yes
2303738277,3722883605,65.004110,tertiary,yes
3722883605,3722883603,9.240667,tertiary,yes
3722883603,3731207272,345.262267,tertiary,yes
3731207272,3722883341,233.975054,tertiary,yes
3722883341,3722883208,95.367299,tertiary,yes
3722883208,4318817895,95.310967,tertiary,yes
4318817895,3722883158,10.449652,tertiary,yes
3722883158,3722883153,7.091725,tertiary,yes
3722883153,3722883149,7.280503,tertiary,yes
1666878475,2303738273,13.044923,tertiary,yes
2303738273,2303738288,145.252809,tertiary,yes
2303738288,3722883789,265.316492,tertiary,yes
3722883789,3722883791,17.316184,tertiary,yes
3722883791,2303738323,257.277597,tertiary,yes
2303738323,2303738325,9.502880,tertiary,yes
2303738325,2303738328,18.455131,tertiary,yes
2303738328,2303738330,8.062472,tertiary,yes
2303738330,2303738334,11.186612,tertiary,yes
2303738334,3722883796,13.132990,tertiary,yes
3722883796,2303738336,10.505844,tertiary,yes
2303738336,2303738332,12.698557,tertiary,yes
2303738332,2303738329,10.024804,tertiary,yes
2303738329,2303738327,10.413373,tertiary,yes
2303738327,2303738326,13.478983,tertiary,yes
2303738326,2303738324,9.595651,tertiary,yes
2303738324,3731206103,33.171014,tertiary,yes
3731206103,3731206098,58.232102,tertiary,yes
3731206098,3731514469,200.672282,tertiary,yes
3731514469,3731514467,18.349047,tertiary,yes
3731514467,3731206075,243.402708,tertiary,yes
3731206075,3722883603,168.699400,tertiary,yes
3722883603,3722883601,10.537631,tertiary,yes
3722883601,2303738260,86.625264,tertiary,yes
2303738260,289006498,9.381158,tertiary,yes
2303738284,288672196,158.781484,tertiary,
288672196,288386744,157.615786,tertiary,
444292274,444294557,115.263364,tertiary,
444294557,3722883554,34.109391,tertiary,
3722883554,3722883534,83.405721,tertiary,
3722883534,444294556,26.681952,tertiary,
444294556,289014107,42.964589,tertiary,
289014107,444294558,99.232061,tertiary,
444294558,289017222,17.910965,tertiary,
289017222,3722883339,122.122542,tertiary,
3722883339,444294560,27.259971,tertiary,
444294560,2303738211,27.088288,tertiary,
444299318,2305143632,27.669704,unclassified,yes
2305143632,1455553790,50.637930,unclassified,yes
1455553790,1759520984,36.762843,unclassified,yes
1759520984,444299321,132.936449,unclassified,yes
1493249397,1745359012,24.747845,tertiary,
1745359012,1745359010,23.132509,tertiary,
1745359010,1745359018,21.939195,tertiary,
1745359018,1493249415,61.950350,tertiary,
1493249415,1493238983,130.147663,tertiary,
1493238983,1493232151,138.455720,tertiary,
2367366008,2367366011,89.527912,tertiary,
2367366011,2367366010,274.213530,tertiary,
2534635843,2534635841,33.968374,tertiary,
2534635841,2534635839,33.461200,tertiary,
2534635839,2534635837,14.360101,tertiary,
2534635837,2534635835,20.107806,tertiary,
2534635835,2534635831,35.017898,tertiary,
2534635831,2534635828,34.355461,tertiary,
2534635828,2534635826,35.017995,tertiary,
2534635826,2376008956,36.355991,tertiary,
2534610675,2534610666,33.922653,tertiary,
2534610666,2534610660,33.957638,tertiary,
2534610660,2534610657,33.471176,tertiary,
2534610657,2534610655,33.464743,tertiary,
2534610655,2534610649,34.056116,tertiary,
2534610649,2376169792,39.754620,tertiary,
1321126459,2533090497,33.965724,unclassified,
2533090497,1321126462,9.824523,unclassified,
1321126462,2533090495,5.815525,unclassified,
2533090495,1321126439,6.544313,unclassified,
1321126439,1321126446,15.325994,unclassified,
1321126446,2534917583,6.743018,unclassified,
2534917583,2534917577,6.737397,unclassified,
2534917577,2534917573,10.255810,unclassified,
2534917573,1332081201,5.383776,unclassified,
1332081201,2533090481,43.941830,unclassified,
2533090481,2533090477,5.184605,unclassified,
2533090477,2533090472,7.278133,unclassified,
2533090472,1321126451,15.479149,unclassified,
1321126451,1321126443,19.282507,unclassified,
1321126443,2533090457,4.957403,unclassified,
2533090457,2533090455,5.352001,unclassified,
2533090455,2533090452,7.115079,unclassified,
2533090452,1321126436,7.082433,unclassified,
1321126436,2533090444,8.508456,unclassified,
2533090444,1321126440,8.834278,unclassified,
1321126440,1321126449,26.165265,unclassified,
1321126449,2533090426,8.820962,unclassified,
2533090426,1321238709,70.179637,unclassified,
1321238709,1321126442,16.143730,unclassified,
1321126442,2533090344,28.603092,unclassified,
2533090344,1321126441,6.818343,unclassified,
1321126441,2533090340,5.255396,unclassified,
2533090340,2533090336,9.042069,unclassified,
2533090336,2533090332,7.684063,unclassified,
2533090332,1321126452,9.258177,unclassified,
1321126452,2533090324,7.370189,unclassified,
2533090324,1321126470,12.123876,unclassified,
1321126470,1321126465,110.199826,unclassified,
1321126465,1321126453,153.262892,unclassified,
1321126453,1321126461,158.376400,unclassified,
1347469263,1347469261,20.271869,footway,
1667342217,1667342224,35.882110,unclassified,
1667342224,1667342231,35.841618,unclassified,
1667342231,1667342242,35.818127,unclassified,
1667342242,1667342250,36.412971,unclassified,
1667342250,1667342259,36.527738,unclassified,
1667342259,1667342261,36.539605,unclassified,
1667342261,2534593225,56.553428,unclassified,
2534593225,1667342252,12.861033,unclassified,
1667342252,2534593214,11.127094,unclassified,
2534593214,1667342245,10.947805,unclassified,
1667342245,2534593198,12.456237,unclassified,
2534593198,2534593190,9.046274,unclassified,
2534593190,1667342232,9.608771,unclassified,
1667342232,1667342229,12.727623,unclassified,
1667342229,1667342221,37.073257,unclassified,
1667342221,1667342220,8.549507,unclassified,
1667342220,1667342215,27.582200,unclassified,
1667342215,1667342212,35.728639,unclassified,
1667342212,1667342202,36.186971,unclassified,
1667342202,1667342189,35.718491,unclassified,
1667342189,1667342175,25.368739,unclassified,
2534592566,1321118174,13.898232,footway,
1321118174,2534592585,9.765799,footway,
2534592585,2534592596,11.461656,footway,
2534592596,1321118171,12.196907,footway,
1321118171,1321118158,11.819638,footway,
1321118158,2534592617,12.336020,footway,
2534592617,1321118162,10.845885,footway,
1321118162,2534592616,26.867236,footway,
2534592616,2534592615,9.698687,footway,
2534592615,2534592614,9.146246,footway,
2534592614,2534592613,52.395951,footway,
2534592613,2534592612,31.868159,footway,
2534592612,2534592610,9.534843,footway,
2534592610,2534592608,4.495528,footway,
2534592608,2534592603,13.922058,footway,
2534592603,2534592599,10.397851,footway,
2534592599,2534592594,17.414661,footway,
2534592594,2534592587,8.484140,footway,
2534592587,2534592578,11.045873,footway,
2534592578,2534592568,12.969777,footway,
2534592568,2534592556,98.015583,footway,
2534592556,2534592555,39.327677,footway,
2534592555,2534592553,182.340096,footway,
2534592553,2534592550,15.895108,footway,
2534592550,2908550956,92.174828,footway,
2908550956,2908550957,63.895391,footway,
2908550957,2908550958,76.852462,footway,
1321118166,2534593060,24.107838,footway,
2534593060,2534593066,7.677433,footway,
2534593066,2534593076,8.252716,footway,
2534593076,1321118152,27.434254,footway,
1347469261,2534592890,27.394367,footway,
2534592890,2534592760,16.826774,footway,
2534592760,1347469267,10.836537,footway,
1347469267,2534592691,4.693609,footway,
2534592691,1321118149,9.709180,footway,
1321118149,2534592615,6.936671,footway,
1321118149,1321118180,62.846930,footway,
1321118180,2534592681,4.491987,footway,
2534592681,1321118167,9.671540,footway,
1321118167,2534592718,6.589029,footway,
2534592718,1321118148,7.614395,footway,
1321118148,1321118177,7.044084,footway,
1321118180,2534592661,4.604194,footway,
2534592661,2534592654,2.596447,footway,
2534592654,2534592645,12.483559,footway,
2534592645,2534592638,8.569420,footway,
2534592638,2534592635,4.260070,footway,
2534592635,2534592610,11.138865,footway,
2534610635,2534610634,2.137168,footway,
2534610634,2534610631,10.368241,footway,
2534610631,2534610629,4.006042,footway,
2534610629,2534610624,60.460274,footway,
2534610624,2534610622,10.544378,footway,
2534610622,2534610619,16.834584,footway,
2534610619,2534610620,6.866107,footway,
2534610620,2534610623,16.786686,footway,
2534610623,2534610625,10.835312,footway,
2534610625,2534610639,112.744170,footway,
2534610639,2534610641,4.261287,footway,
2534610641,2534610644,24.745059,footway,
2534610644,2534610645,3.079934,footway,
2534610658,2534610662,30.175517,footway,
2534610662,2534610664,3.403003,footway,
2534610671,2534610674,3.193477,footway,
2534610674,2534592566,9.044738,footway,
2534610624,2534610626,13.598731,footway,
2534610626,2534610627,4.236028,footway,
2534610638,2534610636,2.897900,footway,
2534610636,2534610633,9.455077,footway,
2534610633,2534610632,4.194303,footway,
2534610632,2534610648,83.188807,footway,
2534610648,2534610651,11.786123,footway,
2534610651,2534610652,2.809738,footway,
2534610652,2534610653,11.275411,footway,
2534610653,2534610654,3.571993,footway,
2534713403,2534713402,7.140132,footway,
2534713402,2534713401,17.044772,footway,
2534713401,2534713400,9.871454,footway,
2534713400,2534713398,88.034952,footway,
2534713398,2534713397,0.839022,footway,
2534713397,2534713399,1.161290,footway,
2534713399,2534713405,149.128971,footway,
2534713405,2534713411,120.593292,footway,
2534713411,2534713413,0.832562,footway,
2534713413,2534713414,0.799024,footway,
2534713414,2534713412,0.647122,footway,
2534713412,2534713406,115.606776,footway,
2534713406,2534713404,11.096221,footway,
2534713404,2534713403,16.211942,footway,
2534870282,2534870281,2.883999,footway,
2534870281,2534870274,9.136829,footway,
2534870274,2534870271,3.765649,footway,
2534870271,2534870251,62.959675,footway,
2534870251,2534870244,23.962677,footway,
2534870244,2534870245,7.463833,footway,
2534870245,2534870248,16.995794,footway,
2534870248,2534870253,9.809822,footway,
2534870253,2534870295,118.352906,footway,
2534870295,2534870301,4.671417,footway,
2534870301,2534870305,22.025748,footway,
2534870305,2534870306,2.980734,footway,
598717055,2688567075,203.813241,tertiary,
2688567075,598717056,144.728467,tertiary,
2534635819,2534870260,3.993640,footway,
2534870260,2534870251,13.247071,footway,
2534635827,2534870318,4.148918,footway,
2534870318,2534870314,13.500555,footway,
2534870289,2534870286,2.554622,footway,
2534870286,2534870277,9.221745,footway,
2534870277,2534870278,4.292566,footway,
2534870278,2534870314,95.930675,footway,
2534870314,2534870342,147.678376,footway,
2534917589,2534917587,19.113522,footway,
2534917587,2534917585,7.312770,footway,
2534917585,2534917579,6.653712,footway,
2534917579,2534917575,10.013896,footway,
2534917575,2534917571,48.385001,footway,
2534917571,2534917569,6.194088,footway,
2534917569,2534917566,6.814316,footway,
2534917566,2534917564,15.344184,footway,
2534917564,2534917562,20.317589,footway,
2534917562,2534917560,5.370825,footway,
2534917560,2534917558,4.909732,footway,
2534917558,2534917556,7.791924,footway,
2534917556,2534917554,7.461501,footway,
2534917554,2534917552,8.714808,footway,
2534917552,2534917550,9.233608,footway,
2534917550,1347469269,25.678924,footway,
1347469269,2534917497,9.009576,footway,
2534917497,2534917376,103.847127,footway,
2534917376,2534917372,6.544400,footway,
2534917372,2534917365,8.297914,footway,
2534917365,1321118165,3.187145,footway,
1321118165,2534917361,3.315648,footway,
2534917361,2534917359,6.115929,footway,
2534917359,2534917357,6.684236,footway,
2534917357,2534917355,7.478226,footway,
2534917355,2534917353,9.619812,footway,
2534917353,2534917351,8.105497,footway,
2534917351,2534917349,12.720437,footway,
2534917349,2534917347,329.152605,footway,
2534917347,2908554705,80.748376,footway,
2908554705,2908554706,20.993137,footway,
2908554706,2908554707,61.824353,footway,
2908554707,2908554708,99.898998,footway,
2535001949,1321118170,4.116353,footway,
1321118170,1321244655,15.240525,footway,
1321244655,1347469266,7.801858,footway,
1347469266,1347469265,48.900720,footway,
1347469265,1347469260,19.063069,footway,
1347469260,2534904733,47.317418,footway,
2534904733,2534904730,6.525832,footway,
2534904730,2534904729,3.559033,footway,
2534904729,2534917529,10.623663,footway,
2534917529,1347469269,5.288621,footway,
2535001974,1321126459,16.229159,unclassified,
1321126459,2533090476,159.209547,unclassified,
2533090476,2533090448,82.894198,unclassified,
2533090448,2533090450,8.016302,unclassified,
2535978447,2535978438,140.844046,unclassified,
2535978435,2688567078,17.167379,unclassified,
2688567078,2535978437,2.116007,unclassified,
2535978437,2689846309,5.067981,unclassified,
2689846309,2535978438,59.644643,unclassified,
2535978438,2535978439,11.270540,unclassified,
2535978439,2535978440,45.806313,unclassified,
2535978440,2535978441,5.579931,unclassified,
2535978441,2535978446,25.442654,unclassified,
2688543624,2688558457,10.944387,footway,
2688558457,2689846317,132.487682,footway,
2689846317,2535978435,102.019846,footway,
2535978435,1441472716,62.908474,footway,
2689846309,2689846318,79.662828,footway,
2689846318,2689846310,29.535931,footway,
2689846310,2689846311,6.738955,footway,
2689846311,2689846315,38.949612,footway,
2689846315,2689846312,53.366209,footway,
2689846312,2689846313,23.547443,footway,
2689846313,2689846316,55.016312,footway,
2689846316,2689846314,38.022353,footway,
2689846314,2689846310,14.980172,footway,
2689846315,2689846316,22.486286,footway,
2689846314,2689846317,16.234468,footway,
2689846317,2689846318,27.852417,footway,
370509251,598550692,79.324211,footway,
3722883154,3722883153,6.962172,tertiary,yes
3722883153,3722883152,7.252225,tertiary,yes
3722883152,4318817781,10.443149,tertiary,yes
4318817781,1651426207,95.717477,tertiary,yes
1651426207,288390999,95.076451,tertiary,yes
288390999,3731207271,233.955329,tertiary,yes
3731207271,3722883601,344.971223,tertiary,yes
3722883601,3722883602,9.450217,tertiary,yes
3722883602,288672676,66.244815,tertiary,yes
288672676,2303738284,38.537786,tertiary,yes
3722883541,1652792918,80.377788,footway,
1652792918,1652792965,111.041892,footway,
1652792965,1652792968,21.931955,footway,
1652792968,1652792972,5.206510,footway,
1652792972,1652792988,5.179855,footway,
1652792988,1652792992,3.622174,footway,
3731206082,3731206077,211.917810,footway,
3731206077,3731206073,60.100839,footway,
3731206073,3731206072,3.368991,footway,
3731206072,3731206070,9.220143,footway,
3731206070,3731206069,2.394286,footway,
3731206069,3731206067,28.581022,footway,
3731206067,3731207287,303.238141,footway,
3731207287,3731207284,2.692260,footway,
3731207284,3731207283,7.680465,footway,
3731207283,3731207286,3.390157,footway,
3731207286,3731207295,75.262099,footway,
3731207295,3731207296,5.691135,footway,
3731207296,3731207297,9.881739,footway,
3731207297,3731206055,5.016023,footway,
3731206055,3731206071,237.871600,footway,
3731206071,3731206080,276.482128,footway,
3731206080,3731206084,23.643655,footway,
3731206084,3731206109,513.595329,footway,
3731206109,3731206108,3.373623,footway,
3731206108,3731206107,3.303920,footway,
3731206107,3731206106,136.460844,footway,
3731206106,1334441925,7.655982,footway,
1334441925,1334441949,3.528288,footway,
1334441949,1334441865,37.655063,footway,
1334441865,1334441922,32.314586,footway,
1334441922,1334441884,5.231246,footway,
1334441884,1334441910,10.586771,footway,
1334441910,1334441943,10.468762,footway,
1334441943,1334441899,6.524166,footway,
1334441899,1334441932,6.952550,footway,
1334441932,1334441917,17.559396,footway,
1334441917,1334441907,5.518259,footway,
1334441907,3731206102,11.836914,footway,
3731206102,1334441938,10.374273,footway,
1334441938,1334441928,13.062288,footway,
1334441928,1334441960,9.969258,footway,
1334441960,1334441951,14.069377,footway,
1334441951,1334441881,36.913381,footway,
1334441881,1334441870,139.471911,footway,
1334441870,3731206090,37.420268,footway,
3731206090,1334441940,1.859875,footway,
1334441940,3731206089,3.894621,footway,
3731206089,3731206091,1.941069,footway,
3731206091,3731206093,28.478199,footway,
3731206093,3731206094,33.727174,footway,
3731206087,3731206095,85.166601,footway,
3731206095,3731206097,2.189074,footway,
3731206097,3731206096,1.631436,footway,
3731206096,3731206083,106.085018,footway,
2303738217,3731514445,96.746192,tertiary,yes
3731514445,2303738236,68.445911,tertiary,yes
2303738236,3731514447,21.267005,tertiary,yes
3731514447,3731514448,8.863148,tertiary,yes
3731514448,3731514453,201.661207,tertiary,yes
3731514453,3731514455,207.684312,tertiary,yes
3731514455,3731514461,206.658401,tertiary,yes
3731514461,3731514467,165.281259,tertiary,yes
3731514467,3731514468,9.002293,tertiary,yes
3731514468,3731514476,365.228655,tertiary,yes
3731514476,2593542684,167.263963,tertiary,yes
2593542684,1336182831,29.252866,tertiary,yes
1336182831,2534635816,265.610696,tertiary,yes
2534635816,288384935,150.891751,tertiary,yes
288384935,3731514483,10.341161,tertiary,yes
3731514483,288364075,140.636202,tertiary,yes
3731514488,3731514486,14.232071,secondary,yes
3731514486,3731514479,219.009467,secondary,yes
3731514479,3817796328,30.119508,secondary,yes
3731514478,3731514480,29.239272,secondary,yes
3731514480,3731514487,218.700390,secondary,yes
3731514487,3731514488,15.170383,secondary,yes
3817796328,288385975,23.842429,secondary,yes
288385975,3817796324,157.566868,secondary,yes
3817796324,288765846,139.964520,secondary,yes
288765846,289027560,12.421407,secondary,yes
1455553788,1455553785,34.564051,unclassified,
1455553785,1759520995,41.456812,unclassified,
1759520995,1455553776,54.450600,unclassified,
3731585319,1455553572,33.133717,unclassified,
1455553572,1455553566,95.423643,unclassified,
1455553566,1455553568,33.764243,unclassified,
1455553568,1455553570,34.534775,unclassified,
1455553570,1455553576,34.017641,unclassified,
1455553576,3722883410,35.521636,unclassified,
3722883410,3722883411,3.933646,unclassified,
3722883411,1455553592,33.261560,unclassified,
1455553592,1455553596,34.611838,unclassified,
1455553596,1455553610,34.716378,unclassified,
1455553610,1455553625,35.543640,unclassified,
1455553625,1455553646,35.153701,unclassified,
1455553646,1455553660,35.860505,unclassified,
1455553660,1455553683,34.096530,unclassified,
1455553683,1455553730,101.744830,unclassified,
1455553730,1455553749,32.628308,unclassified,
1455553749,1455553765,33.108455,unclassified,
1455553765,1455553782,93.608367,unclassified,
1455553782,1455553771,32.492325,unclassified,
1455553771,1455553767,36.101056,unclassified,
1455553767,1455553755,36.340408,unclassified,
3731593186,3731593187,3.506497,footway,
3731593187,3731593191,23.430494,footway,
3731593191,3731593194,1.958546,footway,
3731593194,3731593197,2.631816,footway,
3731593197,3731593198,1.618284,footway,
3731593198,3731593213,118.965189,footway,
3731593213,3731593215,14.293607,footway,
3731593215,3731593217,1.422388,footway,
3731593217,3731593216,3.133695,footway,
3731593216,3731593214,1.812328,footway,
3731593214,3731593195,133.717083,footway,
3731593195,3731593174,123.753747,footway,
3731593174,3731593169,9.874474,footway,
3731593169,3731593165,4.944876,footway,
3731593165,3731593153,13.221092,footway,
3731593153,3731593152,1.283988,footway,
3731593152,3731593151,3.872618,footway,
3731593151,3731593150,1.287388,footway,
3731593150,3731593141,16.187004,footway,
3731593141,3731593136,11.191901,footway,
3731593136,3731585318,102.392723,footway,
3731585318,3731585315,2.130447,footway,
3731585315,3731585316,4.105866,footway,
3731585316,3731585317,1.144371,footway,
3731585317,3731585322,15.221055,footway,
3731585322,3731593140,97.651317,footway,
3731593140,3731593145,1.107741,footway,
3731593145,3731593147,2.629570,footway,
3731593213,3731593212,1.305907,footway,
3731593193,3731593195,2.070442,footway,
3731593200,3731593199,3.562961,footway,
3731593199,3731593196,23.872578,footway,
3731593196,3731593192,3.389388,footway,
3731593190,3731593189,3.479667,footway,
3731593189,3731593179,93.500344,footway,
3731593179,3731593178,3.582308,footway,
3731593185,3731593184,3.550891,footway,
3731593184,3731593172,93.674729,footway,
3731593172,3731593171,3.253364,footway,
3731593208,3731593207,3.363223,footway,
3731593207,3731593203,58.671750,footway,
3731593203,3731593202,0.840362,footway,
3731593202,3731593201,2.973868,footway,
3731593212,1455553733,31.511448,unclassified,
1455553733,1455553724,35.435551,unclassified,
1455553724,1455553709,34.616956,unclassified,
1455553709,1455553693,35.299157,unclassified,
1455553693,1455553671,34.501127,unclassified,
1455553671,1455553649,34.533559,unclassified,
1455553649,1455553628,34.326384,unclassified,
1455553628,1455553612,34.707392,unclassified,
1321118154,3750369161,90.086281,footway,
3750369161,3750369162,60.444555,footway,
3750369162,3750369163,255.839871,footway,
3750369163,3750369164,69.372646,footway,
3750369164,3750369165,199.594012,footway,
3750369165,3750369166,96.879944,footway,
3750369166,3750369167,17.166501,footway,
3750369167,3750369168,11.933835,footway,
3750369168,3750369169,17.520366,footway,
3750369169,3750369170,187.226433,footway,
3750369170,3750369171,117.257475,footway,
3750369171,3750369172,277.284222,footway,
3750369172,3750369173,191.043736,footway,
3750369173,3750369174,194.315912,footway,
3750369174,3750369175,218.437224,footway,
3750369175,3750369176,241.596444,footway,
3750369176,2730177733,71.407329,footway,
288797933,3788621454,28.231830,tertiary,
3788621454,3788621456,231.971847,tertiary,
3788621456,288797930,26.602315,tertiary,
289027560,3817796323,12.003230,secondary,yes
3817796323,3817796325,140.575558,secondary,yes
3817796325,3817796326,61.948091,secondary,yes
3817796326,3817796327,95.051920,secondary,yes
3817796327,3731514478,24.665725,secondary,yes
2593542694,2593542684,17.710349,tertiary,
2593542684,288797930,529.128767,tertiary,
