node_id,latitude,longitude,signal
1093626281,35.709794,139.716660,no
1093626414,35.709779,139.716744,no
2701412185,35.709778,139.716771,no
2701412186,35.709782,139.716798,no
2701412187,35.709791,139.716819,no
1093626530,35.709805,139.716834,no
1094048626,35.709907,139.716916,no
2701412199,35.709965,139.716964,no
2701412200,35.709992,139.716990,no
2701412201,35.710018,139.717018,no
2701412202,35.710043,139.717047,no
2701412203,35.710068,139.717078,no
2701412204,35.710091,139.717110,no
2701412205,35.710113,139.717143,no
2701412206,35.710134,139.717177,no
2701412207,35.710154,139.717212,no
2701412208,35.710173,139.717248,no
1094048937,35.710190,139.717286,no
2701412210,35.710222,139.717369,no
1093626489,35.710248,139.717455,no
4072666494,35.710574,139.718757,no
1093626493,35.710643,139.719035,no
2701412214,35.710667,139.719107,no
2658755631,35.710693,139.719176,no
2701412215,35.710718,139.719229,no
1093856880,35.710744,139.719279,no
2701412216,35.710775,139.719336,no
2701412217,35.710808,139.719390,no
2658755702,35.710913,139.719561,no
1093856398,35.711026,139.719752,yes
2396864548,35.711334,139.720224,no
1093626606,35.711347,139.720244,no
1093626660,35.711381,139.720300,yes
1093626655,35.711451,139.720415,yes
1096526866,35.707780,139.713620,no
1096528022,35.708609,139.713058,no
1093469798,35.709657,139.712775,no
2099138607,35.709744,139.712733,no
823729928,35.706064,139.722611,no
823729752,35.706432,139.722811,no
823729897,35.706694,139.722959,no
1093883266,35.706976,139.723122,no
4506648459,35.707180,139.723245,no
823729740,35.707398,139.723377,no
832285986,35.707625,139.723503,no
823729878,35.705699,139.721883,yes
1093469819,35.705762,139.721893,yes
823729939,35.706131,139.721943,no
2527599369,35.706240,139.721969,no
823729798,35.706309,139.722026,no
823729748,35.705874,139.724530,no
823729936,35.706005,139.723222,no
823729928,35.706064,139.722611,no
823729939,35.706131,139.721943,no
1093685773,35.704553,139.708679,no
2393573029,35.704549,139.708739,no
832285988,35.704522,139.708817,no
832286017,35.704259,139.709157,no
832286004,35.704665,139.716094,no
2621323853,35.704659,139.716028,no
1094262796,35.704701,139.715313,no
832285985,35.704682,139.714862,no
1114992523,35.704798,139.708616,yes
1094262572,35.704791,139.708709,yes
3809762386,35.704785,139.708769,no
1115011392,35.704754,139.709083,no
1115011379,35.704751,139.709106,no
1114992522,35.704740,139.709217,no
1114992532,35.704746,139.709517,no
1094262839,35.704733,139.709985,no
832286013,35.704713,139.710531,no
1094262702,35.704708,139.710633,no
1094262748,35.704683,139.711148,no
1094262804,35.704667,139.711339,no
832286028,35.704643,139.711521,no
1094262890,35.704450,139.712104,no
832286010,35.704377,139.712460,no
5889318991,35.704524,139.712754,no
5933200898,35.704728,139.713124,no
5922455941,35.704748,139.713161,no
832286019,35.704753,139.713232,no
832286001,35.704730,139.713688,no
2196830935,35.704700,139.713766,no
832286006,35.704513,139.713888,no
832285990,35.704409,139.714139,no
2196830853,35.704417,139.714220,no
832285996,35.704443,139.714313,no
832286025,35.704520,139.714533,no
832285985,35.704682,139.714862,no
832286024,35.704177,139.710400,no
832286022,35.704309,139.710481,no
832286013,35.704713,139.710531,no
832286020,35.708562,139.720769,no
832286014,35.708259,139.721239,no
832285995,35.708139,139.721526,no
832286003,35.708247,139.721613,no
832286007,35.708106,139.722007,no
832286007,35.708106,139.722007,no
4771522079,35.708088,139.722062,no
1093856784,35.707835,139.722855,no
832285986,35.707625,139.723503,no
832286015,35.707456,139.724026,no
475368720,35.701258,139.717406,yes
475369376,35.701878,139.717557,no
832286012,35.701993,139.717539,no
832286021,35.702554,139.717320,no
832286002,35.702992,139.717296,no
832286009,35.703352,139.717247,no
2195287987,35.703548,139.717098,no
832285992,35.703813,139.716993,no
2621323843,35.704186,139.716840,no
832286000,35.704503,139.716671,no
2621323848,35.704552,139.716628,no
832286027,35.704596,139.716588,no
2621323850,35.704616,139.716566,no
2621323851,35.704629,139.716547,no
2621323852,35.704638,139.716523,no
832285989,35.704643,139.716495,no
832286018,35.704674,139.716162,no
832286004,35.704665,139.716094,no
832286008,35.706734,139.716265,no
3193716071,35.706389,139.716201,no
2621323859,35.706127,139.716152,no
2621323858,35.706049,139.716142,no
2621323857,35.705974,139.716137,no
2621323856,35.705894,139.716137,no
832286016,35.705815,139.716143,no
2621323855,35.705454,139.716199,no
2621323854,35.705401,139.716201,no
832286005,35.705341,139.716199,no
832286004,35.704665,139.716094,no
2621323849,35.704604,139.716085,no
2621323847,35.704529,139.716070,no
2621323846,35.704444,139.716045,no
2621323845,35.704354,139.716015,no
2621323844,35.704268,139.715981,no
832285987,35.704183,139.715944,no
2195288157,35.704020,139.715859,no
2195288113,35.703506,139.715584,no
832286023,35.703250,139.715448,no
2621323842,35.703136,139.715390,no
2621323841,35.703020,139.715342,no
2621323840,35.702898,139.715298,no
2195288003,35.702776,139.715263,no
2195288150,35.702591,139.715226,no
832286011,35.701354,139.714991,yes
1141096960,35.704330,139.708649,yes
832285994,35.704338,139.708556,yes
2393573026,35.704343,139.708492,no
3809762385,35.704345,139.708465,no
1097906948,35.704368,139.708191,no
1097906792,35.704420,139.707568,no
1097906563,35.704465,139.706983,no
1097906708,35.704500,139.706461,no
1097906671,35.704518,139.706184,no
1097906642,35.704553,139.705670,no
1097906717,35.704572,139.705372,no
1097906906,35.704590,139.705101,no
1097906620,35.704607,139.704872,no
1097906702,35.704612,139.704809,no
1097906753,35.704615,139.704771,no
1097906881,35.704645,139.704241,no
1097906561,35.704650,139.704152,no
1192530086,35.704675,139.703734,no
1192530035,35.704714,139.703296,no
832285675,35.704718,139.703256,no
428007087,35.708393,139.722503,no
1093946912,35.708323,139.722394,no
4771522075,35.708256,139.722275,no
832286007,35.708106,139.722007,no
2848912118,35.707984,139.721764,no
428007081,35.707938,139.721677,no
2848912117,35.707905,139.721617,no
2848912115,35.707871,139.721563,no
2848912114,35.707833,139.721512,no
2527599370,35.707791,139.721465,no
2449114765,35.707697,139.721374,no
428007079,35.707625,139.721309,no
1093856542,35.707421,139.721123,no
428007077,35.707246,139.720977,no
428007075,35.706856,139.720645,no
1093856403,35.706467,139.720319,no
2848912104,35.706116,139.720034,no
1093469983,35.706010,139.719958,yes
1093626646,35.712955,139.705728,no
2848912128,35.712729,139.705562,no
1093626477,35.712530,139.705454,no
1096527203,35.712125,139.705259,no
1093626272,35.712105,139.705249,no
1096526968,35.711734,139.705041,no
1093626768,35.711339,139.704820,no
1096527198,35.711296,139.704791,no
1096526696,35.711255,139.704764,no
1093626121,35.710729,139.704407,no
1093626771,35.710132,139.704182,no
1097993396,35.709241,139.703809,no
2234986299,35.709353,139.716401,yes
1093469981,35.709425,139.716441,yes
1093725403,35.708440,139.711193,no
1093725206,35.708375,139.711571,no
1093725409,35.708276,139.711862,no
1093725315,35.708209,139.711960,no
1093725241,35.708088,139.712010,no
1093725249,35.711892,139.714077,no
1093725267,35.711530,139.714014,no
1093856705,35.711326,139.713949,no
1093856884,35.711080,139.713887,no
1093725293,35.711002,139.713861,no
1093725353,35.710799,139.713810,no
1177182746,35.710482,139.713736,no
1093725243,35.710014,139.716341,no
1093725423,35.709959,139.716616,no
660682404,35.710493,139.712451,no
3193716073,35.710479,139.712415,no
1093469818,35.710426,139.712345,no
1093725378,35.710283,139.711885,no
1093725290,35.710346,139.711544,no
1093725303,35.709815,139.711331,no
1093725449,35.709750,139.716550,no
1093725190,35.709769,139.716467,no
1093725243,35.710014,139.716341,no
1093725318,35.710039,139.716301,no
1093725274,35.710781,139.712058,no
1093725270,35.711199,139.712121,no
1093725396,35.711452,139.712150,no
1093725438,35.712140,139.712239,no
1093725222,35.712238,139.712250,no
1093725363,35.712406,139.712274,no
1093725470,35.712591,139.712256,no
1093725418,35.712822,139.712268,no
1093725294,35.709897,139.710927,no
1093725303,35.709815,139.711331,no
1093725324,35.709804,139.711388,no
1093725433,35.709684,139.712059,no
1093725411,35.709387,139.712242,no
1093725324,35.709804,139.711388,no
1093725374,35.709311,139.711112,no
252052977,35.710071,139.713195,no
2099138607,35.709744,139.712733,no
2099138615,35.709718,139.712698,no
1093725411,35.709387,139.712242,no
1096527426,35.709200,139.712007,no
1933351821,35.709062,139.711828,no
1093725344,35.709004,139.711756,no
1093725276,35.708738,139.711469,no
1096527603,35.708575,139.711318,no
1093725403,35.708440,139.711193,no
1093725474,35.711303,139.710765,no
3809762411,35.711269,139.710753,no
1093725398,35.710773,139.710581,no
1093725386,35.710317,139.710364,no
1093725209,35.710065,139.710238,no
1093725376,35.710058,139.710234,no
1096527364,35.709535,139.709976,no
1093725434,35.709333,139.709876,no
3809762399,35.708478,139.709562,no
1093725482,35.708403,139.709534,no
1093725438,35.712140,139.712239,no
1093725216,35.712097,139.712518,no
1093725280,35.712055,139.712700,no
1093725446,35.711962,139.712958,no
1093725460,35.711890,139.713143,no
1093725463,35.711543,139.712883,no
1093856380,35.711410,139.712813,no
1093725468,35.711348,139.712781,no
1093725269,35.711173,139.712703,no
1093725465,35.710766,139.712563,no
1093469840,35.710574,139.712429,no
393130770,35.708377,139.710274,no
1093725185,35.708554,139.710282,no
1093725368,35.708714,139.710300,no
1096526686,35.708794,139.710321,no
1093725320,35.708987,139.710375,no
1093725444,35.709163,139.710482,no
1096526972,35.709389,139.710632,no
1093725242,35.709623,139.710788,no
1093725294,35.709897,139.710927,no
1093725214,35.709997,139.710503,no
1093725376,35.710058,139.710234,no
3809762408,35.710163,139.709740,no
1093725295,35.710168,139.709685,no
1093626427,35.710799,139.716958,yes
1093626546,35.710817,139.716866,yes
1093771046,35.710942,139.716208,no
1093771075,35.710725,139.716144,no
1093725366,35.710133,139.715811,no
1093771077,35.709581,139.715677,no
1093725328,35.710181,139.715528,no
1093771079,35.709622,139.715445,no
1093771047,35.710447,139.713258,no
1093771074,35.710483,139.712864,no
1093771078,35.710474,139.712818,no
1093771076,35.710385,139.712764,no
1093771054,35.710222,139.715292,no
1093771034,35.709965,139.715211,no
1093771051,35.709676,139.715138,no
1093856377,35.710773,139.712818,no
1093771080,35.710866,139.712866,no
1093771052,35.710814,139.713081,no
1093771048,35.710738,139.713357,no
1093771055,35.710561,139.713288,no
1093725342,35.710532,139.713290,no
1093725338,35.710400,139.714195,no
1093771049,35.709850,139.714084,no
1093856619,35.707005,139.721366,no
1093856681,35.706643,139.721023,no
1093856817,35.706255,139.720696,no
1093856754,35.706216,139.720677,no
1093856756,35.705883,139.720672,no
1093856874,35.706168,139.721562,no
1093856535,35.705806,139.721502,no
823729798,35.706309,139.722026,no
1093856373,35.706382,139.721922,no
1093856461,35.706502,139.721476,no
1093856681,35.706643,139.721023,no
428007075,35.706856,139.720645,no
1093856636,35.706615,139.722384,no
1093856687,35.706735,139.722077,no
1093856724,35.706898,139.721664,no
1093856619,35.707005,139.721366,no
428007077,35.707246,139.720977,no
1093856724,35.706898,139.721664,no
1093856461,35.706502,139.721476,no
1093856539,35.709505,139.721073,no
4072665985,35.709106,139.721063,no
2848912127,35.708870,139.721057,no
2235081812,35.708802,139.721048,no
444326553,35.711798,139.718920,no
1093856788,35.711751,139.718866,no
1093856435,35.711762,139.718630,no
2701412229,35.711597,139.718637,no
1093856622,35.711562,139.718645,no
1093856696,35.711289,139.718749,no
1093856755,35.710940,139.718855,no
1093856583,35.710939,139.718899,no
1093856650,35.711008,139.719331,no
1093856880,35.710744,139.719279,no
823729792,35.707970,139.720229,no
1093856573,35.707869,139.720405,no
5892004305,35.707470,139.721060,no
1093856542,35.707421,139.721123,no
832286003,35.708247,139.721613,no
1093946899,35.708465,139.721797,no
444328980,35.711107,139.721608,yes
1093856375,35.711011,139.721566,yes
2396864522,35.710969,139.721539,no
1093856852,35.710623,139.721496,no
2701412213,35.710504,139.721465,no
1093856463,35.710240,139.721355,no
1093856586,35.710053,139.721330,no
2449114763,35.709911,139.721363,no
2449114762,35.709816,139.721316,no
1093856404,35.709502,139.721101,no
1093856539,35.709505,139.721073,no
1093856403,35.706467,139.720319,no
1093856817,35.706255,139.720696,no
1093856874,35.706168,139.721562,no
823729939,35.706131,139.721943,no
1093856687,35.706735,139.722077,no
1093883313,35.707260,139.722372,no
1093883137,35.707682,139.722481,no
1093883331,35.706238,139.723333,no
823729752,35.706432,139.722811,no
1093856636,35.706615,139.722384,no
823729774,35.707049,139.722779,no
1093883313,35.707260,139.722372,no
1093883365,35.707388,139.722034,no
428007100,35.707788,139.722143,no
4506741695,35.707315,139.731263,no
1093946809,35.707316,139.731181,no
1093946740,35.707319,139.730799,no
1093946948,35.707318,139.729884,no
2953991879,35.707316,139.729618,no
1093946908,35.707314,139.729301,no
1093946762,35.707299,139.728806,no
1093946766,35.707316,139.727899,no
2397996067,35.707364,139.727163,no
1731350148,35.707375,139.727015,no
1093946806,35.707382,139.726879,no
2397996053,35.707394,139.726732,no
1093946875,35.707433,139.726245,no
1093946904,35.707473,139.725719,no
1093946850,35.707618,139.725160,no
1093946774,35.707722,139.724751,no
1093946813,35.707856,139.724247,yes
1093946743,35.708175,139.723015,no
4771522669,35.708272,139.722606,no
1093946912,35.708323,139.722394,no
2848912121,35.708433,139.721919,no
1093946899,35.708465,139.721797,no
2848912122,35.708504,139.721673,no
2235081800,35.708694,139.721085,no
1094048504,35.708403,139.717598,no
1094048734,35.708263,139.717364,no
1094048796,35.708368,139.718279,no
1094048831,35.708412,139.717886,no
1094049017,35.708433,139.717734,no
5036156975,35.708414,139.717617,no
1094048504,35.708403,139.717598,no
1094048702,35.708318,139.717662,no
1094048526,35.708647,139.717611,no
1094048853,35.708836,139.717467,no
1094048547,35.708739,139.717062,no
1094048772,35.709510,139.716570,no
1094048433,35.709520,139.716806,no
1094048581,35.709507,139.717037,no
1094048949,35.709499,139.717183,no
1094048864,35.709488,139.717365,no
1094048523,35.709496,139.717633,no
1094048816,35.709490,139.717692,no
1094048480,35.709468,139.717965,no
1094048927,35.709342,139.717973,no
1094048892,35.709090,139.717942,no
1094048552,35.708673,139.717831,no
1094048526,35.708647,139.717611,no
1094049029,35.708490,139.717222,no
1094048779,35.708874,139.716975,no
1094049021,35.709015,139.717319,no
1094048577,35.709141,139.717303,no
1094048447,35.709196,139.717775,no
1094048834,35.709115,139.717799,no
1094048892,35.709090,139.717942,no
1094048507,35.709015,139.718108,no
1094048508,35.708976,139.718194,no
1094048436,35.708932,139.718373,no
1094048949,35.709499,139.717183,no
1094048852,35.709856,139.717247,no
1094048937,35.710190,139.717286,no
1094048852,35.709856,139.717247,no
1094048626,35.709907,139.716916,no
1094262654,35.705636,139.710076,no
1094262735,35.705333,139.710040,no
1094262788,35.705035,139.710006,no
1094262553,35.705577,139.710846,no
1094262742,35.705304,139.710791,no
1094262853,35.705033,139.710723,no
1094262702,35.704708,139.710633,no
1094262643,35.705359,139.709479,no
1094262735,35.705333,139.710040,no
1094262742,35.705304,139.710791,no
1094262604,35.705271,139.711274,no
1094262650,35.705233,139.711462,no
1094262911,35.705450,139.712502,no
1094262593,35.705193,139.712397,no
1094262875,35.705066,139.712346,no
1094262785,35.704949,139.712303,no
1094262872,35.704659,139.712191,no
1094262890,35.704450,139.712104,no
1094262758,35.705521,139.711643,no
1094262763,35.704909,139.711432,no
1094262599,35.704929,139.711352,no
1094262763,35.704909,139.711432,no
1094262657,35.704844,139.711622,no
1094262872,35.704659,139.712191,no
1094262848,35.704557,139.712496,no
1094262882,35.705379,139.713254,no
1094262911,35.705450,139.712502,no
3193716070,35.705522,139.711724,no
1094262758,35.705521,139.711643,no
1094262782,35.705526,139.711555,no
1094262553,35.705577,139.710846,no
1094262654,35.705636,139.710076,no
1094262559,35.705679,139.709510,no
1094262643,35.705359,139.709479,no
1094262845,35.705061,139.709441,no
5894092162,35.705029,139.709978,no
1094262788,35.705035,139.710006,no
1094262839,35.704733,139.709985,no
1094262782,35.705526,139.711555,no
1094262650,35.705233,139.711462,no
1094262599,35.704929,139.711352,no
1094262569,35.704971,139.711204,no
1094262707,35.704994,139.711138,no
1094262853,35.705033,139.710723,no
1094262793,35.705040,139.710399,no
5894092163,35.705046,139.710041,no
1094262788,35.705035,139.710006,no
1094262569,35.704971,139.711204,no
1094262748,35.704683,139.711148,no
832286017,35.704259,139.709157,no
1094351317,35.703237,139.709063,no
1097942154,35.702966,139.709033,no
1094351500,35.701939,139.708919,no
5923786365,35.700995,139.708856,yes
5922450062,35.700944,139.708853,no
1094547453,35.700884,139.708849,no
5923786362,35.700840,139.708848,no
1094679544,35.707398,139.715237,no
1094679824,35.707453,139.715388,no
1096526763,35.707396,139.715690,no
3084665476,35.707273,139.716330,no
1094678136,35.707258,139.716376,no
5924055331,35.707229,139.716404,no
5924055330,35.706701,139.716610,no
5922051189,35.706659,139.716626,no
393130757,35.706568,139.716662,no
1094678428,35.704783,139.720622,no
1094678736,35.704679,139.720216,no
1094678749,35.704358,139.719744,no
1094678446,35.704404,139.719159,no
1094678207,35.704648,139.718639,no
1094679764,35.704430,139.718435,no
1094678776,35.703879,139.718308,no
1094678446,35.704404,139.719159,no
1094677984,35.703761,139.719086,no
1096527107,35.710174,139.705595,no
1096527594,35.710263,139.705302,no
1096527661,35.710363,139.704976,no
1096527099,35.710413,139.704943,no
1096527135,35.710470,139.704874,no
1096527031,35.710511,139.704801,no
1093626121,35.710729,139.704407,no
1096527513,35.708854,139.714956,no
1096527779,35.708808,139.714849,no
1096527201,35.708819,139.714658,no
1096527824,35.708852,139.714299,no
1096527934,35.709020,139.714346,no
1096527017,35.709400,139.714452,no
1096526690,35.709723,139.714530,no
1093771050,35.709769,139.714542,no
1093725256,35.710329,139.714646,no
1096527824,35.708852,139.714299,no
1096526737,35.708821,139.714253,no
1096526733,35.708843,139.713655,no
1096527173,35.708799,139.713564,no
1096526804,35.708815,139.713172,no
1096527138,35.709116,139.713311,no
1096527876,35.709198,139.713349,no
1096526864,35.709355,139.713406,no
3166576515,35.709884,139.713520,no
1096527337,35.709897,139.713567,no
1096527852,35.709627,139.706114,no
1096527463,35.709997,139.706244,no
1096527834,35.710041,139.706267,no
1096526669,35.710170,139.706337,no
1096527892,35.710441,139.706494,no
1096527665,35.710598,139.706606,no
1096526896,35.709026,139.715046,no
1096527961,35.709098,139.714768,no
1093725368,35.708714,139.710300,no
1096526946,35.708732,139.710088,no
1096527881,35.708388,139.710064,no
1096527627,35.708367,139.715961,no
1096527304,35.708614,139.716088,no
1096527594,35.710263,139.705302,no
1096527113,35.710563,139.705472,no
1096527229,35.710650,139.705332,no
1096527532,35.711360,139.705807,no
1096527191,35.711424,139.705611,no
1096527368,35.711705,139.705767,no
5676310270,35.711809,139.705847,no
1096527075,35.711953,139.705957,no
1096526759,35.712068,139.705737,no
1096527850,35.711953,139.705646,no
1096527203,35.712125,139.705259,no
1096527334,35.709779,139.709004,no
1096526797,35.709845,139.708763,no
1096527622,35.709923,139.708387,no
1096527964,35.710076,139.706621,no
1096527568,35.710259,139.706651,no
1114292041,35.710410,139.706735,no
1096527925,35.710498,139.706817,no
1096527104,35.710615,139.706963,no
1189065299,35.710704,139.707079,no
1096527499,35.710772,139.707159,no
1096527536,35.710897,139.707395,no
1096527021,35.710923,139.707467,no
1096526912,35.710968,139.707526,no
1096527878,35.711059,139.707586,no
1096527025,35.711112,139.707620,no
1096526988,35.711404,139.707620,no
1096527132,35.711465,139.707620,no
1096527436,35.711910,139.707659,no
1096527563,35.709128,139.715100,no
1096528003,35.709224,139.714709,no
1096527807,35.708453,139.708468,no
3809762403,35.708530,139.708483,no
1096527428,35.708679,139.708516,no
1096526953,35.709193,139.708666,no
1097936214,35.709220,139.708703,no
1096527897,35.709244,139.708735,no
1096527303,35.709270,139.708771,no
1096526830,35.709448,139.708854,no
1096527334,35.709779,139.709004,no
1096527767,35.710167,139.709283,no
1096527915,35.710465,139.709487,no
1096527831,35.710857,139.709661,no
1096527272,35.711053,139.709755,no
1096527841,35.710568,139.707722,no
1096527873,35.710631,139.707502,no
1096526982,35.710015,139.707068,no
1096526929,35.709771,139.705420,no
1097993398,35.708961,139.705091,no
1096527628,35.709712,139.707906,no
1096527556,35.709917,139.707990,no
1096527361,35.707774,139.713652,no
1096527879,35.708054,139.713744,no
1096527756,35.708170,139.713765,no
1096527907,35.708333,139.713846,no
1097993386,35.708752,139.706289,no
1096527769,35.708900,139.706311,no
1096527013,35.709037,139.706411,no
1096526735,35.709244,139.706480,no
1096527851,35.709533,139.706628,no
1097936213,35.709576,139.706611,no
1096527342,35.709762,139.705453,no
1096527107,35.710174,139.705595,no
1096527638,35.710370,139.705697,no
1096526942,35.710722,139.705952,no
1096526951,35.710847,139.706046,no
1096527093,35.710940,139.706145,no
1096527079,35.711009,139.706205,no
1096527058,35.711075,139.706263,no
1096527330,35.711223,139.706354,no
1096527196,35.711465,139.706470,no
1096527931,35.711496,139.706483,no
1096527506,35.711591,139.706523,no
1096527706,35.711787,139.706617,no
1096527066,35.711834,139.706642,no
1096527805,35.712023,139.706743,no
1096527567,35.712188,139.706805,no
1096527010,35.712315,139.706867,no
1096527426,35.709200,139.712007,no
1096527143,35.709337,139.711834,no
1096526934,35.709474,139.711595,no
1096527767,35.710167,139.709283,no
1096526776,35.710290,139.708734,no
1096527388,35.710317,139.708613,no
1096526712,35.710400,139.708261,no
1096527926,35.710481,139.708012,no
1096527841,35.710568,139.707722,no
2039903996,35.710732,139.707796,no
1096527844,35.711071,139.707947,no
1096527225,35.711374,139.708012,no
1096526692,35.711813,139.708096,no
1096527291,35.708364,139.715892,no
1096527773,35.708002,139.715962,no
1096527636,35.708545,139.715350,no
1096526862,35.708649,139.715088,no
1096527526,35.708327,139.714908,no
1096526909,35.708131,139.714830,no
1096526826,35.707963,139.714771,no
1096527166,35.707526,139.714829,no
1096527603,35.708575,139.711318,no
1934480416,35.708737,139.710787,no
1096527261,35.708758,139.712649,no
1096527476,35.708031,139.712300,no
1096527834,35.710041,139.706267,no
1096527848,35.710095,139.706078,no
1096527263,35.710117,139.705898,no
1096527296,35.710280,139.705968,no
1096526860,35.710444,139.706263,no
1096527267,35.710241,139.706099,no
1096526669,35.710170,139.706337,no
1096527964,35.710076,139.706621,no
1096526862,35.708649,139.715088,no
1096526869,35.708710,139.715085,no
1096527513,35.708854,139.714956,no
1096526896,35.709026,139.715046,no
1096527563,35.709128,139.715100,no
1096527455,35.709589,139.715329,no
1096526972,35.709389,139.710632,no
1096527863,35.709446,139.710348,no
1096527364,35.709535,139.709976,no
1096527588,35.709847,139.707489,no
1096527235,35.710015,139.707596,no
1096527063,35.710126,139.707725,no
1096526730,35.710339,139.707905,no
1096527926,35.710481,139.708012,no
1096526776,35.710290,139.708734,no
1096526802,35.710735,139.708884,no
1096527459,35.710753,139.708757,no
1096527079,35.711009,139.706205,no
1096527175,35.710907,139.706454,no
1096527405,35.710681,139.706266,no
1096527388,35.710317,139.708613,no
1096527459,35.710753,139.708757,no
5676310266,35.711254,139.708944,no
1096527401,35.711330,139.708972,no
1096527306,35.711632,139.709064,no
1093626771,35.710132,139.704182,no
1096527027,35.709980,139.704592,no
1096527634,35.709967,139.704748,no
1096527095,35.709884,139.704994,no
1096526929,35.709771,139.705420,no
1096527342,35.709762,139.705453,no
1096527744,35.709668,139.705904,no
1096527852,35.709627,139.706114,no
1096527860,35.709601,139.706311,no
1096527851,35.709533,139.706628,no
1096526964,35.709394,139.707068,no
1096527717,35.709542,139.707167,no
1096527441,35.708902,139.716863,no
1096527101,35.708852,139.716772,no
1096526684,35.708828,139.716648,no
1096528020,35.708830,139.716512,no
1096527565,35.708854,139.716447,no
1096527259,35.709502,139.715785,no
1096527471,35.709233,139.715683,no
1096527796,35.709058,139.715595,no
1096526766,35.708895,139.715468,no
1096527599,35.708854,139.715554,no
1096527636,35.708545,139.715350,no
1096527955,35.708479,139.715541,no
1096526837,35.708420,139.715624,no
1096527828,35.709078,139.716048,no
1096526806,35.709420,139.716168,no
1096527031,35.710511,139.704801,no
1096527006,35.711080,139.705196,no
1096526696,35.711255,139.704764,no
1096528022,35.708609,139.713058,no
1096526742,35.708672,139.712923,no
1096527261,35.708758,139.712649,no
1933429410,35.708817,139.712475,no
1096527325,35.708838,139.712415,no
1933428631,35.708963,139.712469,no
1096527390,35.708433,139.712268,no
1096526910,35.708151,139.712115,no
1096527914,35.708071,139.712094,no
1096528020,35.708830,139.716512,no
1096527713,35.708254,139.716482,no
1096527428,35.708679,139.708516,no
1096527560,35.708735,139.708223,no
1096527177,35.708786,139.707961,no
1096527968,35.709339,139.708174,no
1096527957,35.709235,139.708640,no
1097936214,35.709220,139.708703,no
1096527138,35.709116,139.713311,no
1096527072,35.709069,139.713787,no
1096527661,35.710363,139.704976,no
1096527877,35.710145,139.704833,no
1096527634,35.709967,139.704748,no
1096526804,35.708815,139.713172,no
1096528022,35.708609,139.713058,no
1096526867,35.707965,139.712675,no
1096527802,35.708397,139.717205,no
1096526843,35.708242,139.716728,no
1096526822,35.708237,139.716520,no
1096527713,35.708254,139.716482,no
1096527171,35.708289,139.716402,no
1096527854,35.708377,139.716166,no
1096527627,35.708367,139.715961,no
1096527291,35.708364,139.715892,no
1096526837,35.708420,139.715624,no
1096527299,35.708324,139.715356,no
1096527502,35.708281,139.715356,no
1096526763,35.707396,139.715690,no
1097906563,35.704465,139.706983,no
1097906677,35.703596,139.706848,no
1097906790,35.703045,139.706764,no
1097906787,35.702093,139.706598,no
1097906587,35.701097,139.706445,no
1160435108,35.701024,139.706433,no
1160435121,35.701229,139.703769,no
1097906814,35.701669,139.703771,no
1097906582,35.702076,139.703889,no
1097906789,35.702891,139.704137,no
1097906915,35.703237,139.704235,no
1097906520,35.703744,139.704334,no
1097906683,35.703881,139.704353,no
1097906703,35.704006,139.704292,no
1097906541,35.704099,139.704278,no
1097906882,35.704252,139.704257,no
1097906881,35.704645,139.704241,no
1097906948,35.704368,139.708191,no
1097906939,35.703672,139.708076,no
1097906634,35.703485,139.708033,no
1097906779,35.703054,139.707963,no
1097906820,35.702496,139.707851,no
1097906786,35.702032,139.707770,no
1097906673,35.701067,139.707641,no
3809762383,35.700991,139.707632,no
1160435126,35.700925,139.707620,no
1097906906,35.704590,139.705101,no
1097906644,35.704445,139.705069,no
1097906826,35.704304,139.705037,no
1097906701,35.704028,139.704976,no
1097906738,35.703759,139.704916,no
1097906879,35.703230,139.704823,no
1097906698,35.703168,139.704811,no
1097906883,35.702733,139.704728,no
1097906730,35.702264,139.704625,no
1097906510,35.702238,139.704620,no
1097906590,35.701948,139.704562,no
1097906910,35.701253,139.704419,no
1094607075,35.701182,139.704411,no
1097906702,35.704612,139.704809,no
1097906606,35.704450,139.704756,no
1097906785,35.704350,139.704745,no
1097906903,35.704221,139.704745,no
1097906671,35.704518,139.706184,no
1097906796,35.703594,139.706040,no
1097906679,35.702276,139.705850,no
1097906565,35.702148,139.705831,no
1097906845,35.702135,139.706085,no
1097906787,35.702093,139.706598,no
1097906604,35.702058,139.707145,no
1097906786,35.702032,139.707770,no
2393573011,35.701993,139.708109,no
1093685728,35.701986,139.708170,no
1160435111,35.701065,139.705929,no
1097906745,35.701133,139.705930,no
1097906719,35.701919,139.706054,no
1097906845,35.702135,139.706085,no
1097906697,35.702690,139.706177,no
1097906766,35.703113,139.706231,no
1097906822,35.704104,139.706392,no
1097906708,35.704500,139.706461,no
1097993395,35.708473,139.707507,yes
1097906548,35.708414,139.707504,yes
1097906685,35.707244,139.707474,no
1097906859,35.707233,139.708075,no
1160435104,35.700983,139.706998,no
1097906540,35.701051,139.707012,no
1097906539,35.701466,139.707046,no
1097906604,35.702058,139.707145,no
1097906726,35.702995,139.707328,no
1097906600,35.703548,139.707424,no
1097906792,35.704420,139.707568,no
1097906753,35.704615,139.704771,no
1097906609,35.705179,139.704790,no
4666465674,35.705243,139.704794,no
1192530103,35.705283,139.704797,no
1097906890,35.705439,139.704806,no
1192530108,35.705592,139.704810,no
1097906837,35.706447,139.704831,no
1099684471,35.706494,139.704859,no
1099684469,35.706661,139.704855,no
1099684474,35.706699,139.704868,no
1099684473,35.706694,139.705140,no
1097906541,35.704099,139.704278,no
1097906660,35.704064,139.704699,no
1097906701,35.704028,139.704976,no
1115329197,35.707016,139.708905,no
3809762392,35.707018,139.708811,no
4666465618,35.707025,139.708306,no
1115329149,35.707029,139.708156,no
1097906692,35.707231,139.708152,no
1097906859,35.707233,139.708075,no
1097906901,35.707562,139.708081,no
1097906674,35.707567,139.708146,no
3809762398,35.708371,139.708192,no
1097906610,35.708437,139.708197,no
1097993383,35.708479,139.708200,no
1097906717,35.704572,139.705372,no
1097906517,35.703122,139.705163,no
1097906709,35.702960,139.705139,no
1191098774,35.702609,139.705094,no
1097906559,35.702193,139.705041,no
1097906581,35.702061,139.705024,no
1191098788,35.701780,139.704982,no
1097906812,35.701612,139.704957,no
1097906900,35.701177,139.704865,no
1160435141,35.701151,139.704859,no
5894092161,35.706865,139.710747,no
5894092160,35.706928,139.709836,no
1097906574,35.707031,139.709848,no
1115329109,35.707075,139.709070,no
1160435115,35.701246,139.703537,no
1097906874,35.701307,139.703553,no
1097906515,35.702109,139.703693,no
1097906902,35.702572,139.703776,no
1097906925,35.703265,139.703903,no
1097906533,35.703912,139.704002,no
1097906589,35.704118,139.704043,no
1097906561,35.704650,139.704152,no
1097906642,35.704553,139.705670,no
1097906662,35.702934,139.705418,no
1097906818,35.705170,139.703319,no
1097906617,35.705589,139.703331,no
1097906811,35.705700,139.703337,no
1097906704,35.705792,139.703350,no
1097906545,35.705883,139.703396,no
1097906616,35.706192,139.703637,no
1097906626,35.706245,139.703664,no
1097906631,35.706295,139.703685,no
1097906816,35.706404,139.703688,no
1097906682,35.707033,139.703701,no
1097906659,35.707172,139.703723,no
1097906835,35.707316,139.703758,no
1097906526,35.707399,139.703786,no
5091968400,35.708127,139.704032,no
4624468264,35.708218,139.704063,no
1097906864,35.708250,139.704074,no
1097906635,35.708964,139.704318,no
1097931942,35.705366,139.708687,no
1114992539,35.705367,139.708621,no
3809762390,35.705368,139.708588,no
1097931935,35.705429,139.705546,no
1192530091,35.705437,139.704908,no
1097906890,35.705439,139.704806,no
1097935081,35.710337,139.703178,no
1097935079,35.710238,139.703734,yes
1093626771,35.710132,139.704182,no
1096527744,35.709668,139.705904,no
1097993399,35.708875,139.705677,no
1096527897,35.709244,139.708735,no
3809762405,35.709139,139.709216,no
1096527423,35.709103,139.709261,no
1094262804,35.704667,139.711339,no
2196826921,35.704466,139.711259,no
2196826895,35.704325,139.711188,no
2196827006,35.703849,139.710948,no
1097942136,35.703664,139.710855,no
5924022486,35.703619,139.710845,no
1097942147,35.703572,139.710849,no
4777901216,35.703540,139.710869,no
1097942243,35.703516,139.710908,no
5924022516,35.703508,139.710951,no
2196826971,35.703431,139.711428,no
5924022514,35.703408,139.711565,no
1097942262,35.703368,139.711810,no
2196827004,35.703441,139.712480,no
1097942130,35.703472,139.712534,no
2196826816,35.703556,139.712594,no
2196827012,35.704035,139.712772,no
1097942150,35.704217,139.712840,no
3193716068,35.704255,139.712827,no
1097942184,35.704282,139.712818,no
1097942127,35.704321,139.712738,no
832286010,35.704377,139.712460,no
1097942133,35.704181,139.710332,no
1097942163,35.703995,139.710254,no
3193716067,35.703633,139.710348,no
1097942241,35.703616,139.710352,no
5091969135,35.709264,139.703332,yes
2153714774,35.709305,139.703575,no
1097993396,35.709241,139.703809,no
2153714770,35.709160,139.704179,no
1097993398,35.708961,139.705091,no
1097993399,35.708875,139.705677,no
1097993381,35.708835,139.705854,no
1097993386,35.708752,139.706289,no
1097993397,35.708573,139.706915,no
1115329241,35.708506,139.707194,no
1097993395,35.708473,139.707507,yes
2238497060,35.708491,139.708058,no
1097993383,35.708479,139.708200,no
1096527807,35.708453,139.708468,no
1099104290,35.706253,139.708155,no
1099104312,35.705815,139.708151,no
1099104295,35.705823,139.706976,no
1099104316,35.706261,139.706980,no
5894306194,35.705654,139.705473,no
5894306195,35.705653,139.705591,no
1114854354,35.705815,139.705593,no
1114854321,35.705800,139.706483,no
1114945014,35.706064,139.708689,no
1114945003,35.706057,139.708772,yes
1114945009,35.706050,139.708868,yes
1114945019,35.706042,139.708934,no
1115011387,35.705467,139.708788,no
3809762391,35.705461,139.708854,no
1115011412,35.705452,139.708957,no
1115011389,35.705428,139.708980,no
1115011409,35.705181,139.708945,no
1115011349,35.705150,139.708953,no
1115011399,35.705137,139.708996,no
1115011419,35.705126,139.709091,no
1115011372,35.705093,139.709141,no
1115011377,35.705042,139.709142,no
1115011379,35.704751,139.709106,no
1115011365,35.705168,139.708757,no
3809762389,35.705163,139.708818,no
1115011374,35.705159,139.708862,no
1115011352,35.705103,139.708909,no
1115011362,35.705089,139.708942,no
1115011435,35.705078,139.709065,no
1115011375,35.705061,139.709078,no
1115011438,35.704971,139.709066,no
1115011404,35.704879,139.709044,no
1115011392,35.704754,139.709083,no
1097993395,35.708473,139.707507,yes
1115329090,35.708567,139.707519,no
1115329203,35.708677,139.707545,no
1115329184,35.708791,139.707578,no
1115329096,35.708960,139.707628,no
823729798,35.706309,139.722026,no
1093469942,35.706362,139.722091,no
1093856636,35.706615,139.722384,no
823729894,35.706763,139.722532,no
1093883329,35.706963,139.722739,no
1093883311,35.707012,139.722766,no
823729774,35.707049,139.722779,no
823729855,35.707140,139.722784,no
428007096,35.707595,139.722751,no
1140870669,35.705314,139.720391,no
2099138601,35.705160,139.719945,no
1140870674,35.705154,139.719874,no
2099138606,35.705176,139.719703,no
1140870677,35.705279,139.719433,no
1140870674,35.705154,139.719874,no
1140870684,35.704989,139.719594,no
1140870687,35.705087,139.719218,no
1140870689,35.704884,139.719025,no
823729878,35.705699,139.721883,yes
1140870742,35.705629,139.721867,no
475369364,35.704211,139.720856,no
2099138617,35.704061,139.720573,no
475369372,35.703974,139.720476,no
2099138594,35.703747,139.720384,no
1094679044,35.703387,139.720294,no
1094678407,35.703071,139.720220,no
4506648483,35.702707,139.720138,no
1094678146,35.702610,139.720116,no
2099138619,35.702370,139.720025,no
475369373,35.702331,139.719979,no
2099138588,35.702311,139.719933,no
475369374,35.702459,139.719335,no
2099138610,35.702449,139.719310,no
1141032566,35.702372,139.719271,no
1094678103,35.702167,139.719163,no
2611839361,35.701949,139.719053,no
4506648476,35.701874,139.719015,no
1141032511,35.701738,139.718947,no
1141032568,35.701679,139.718918,no
475369375,35.701645,139.718876,no
1141032572,35.701633,139.718797,no
1094678329,35.701811,139.718163,no
2296669003,35.701881,139.717924,no
832286012,35.701993,139.717539,no
832286017,35.704259,139.709157,no
1097942133,35.704181,139.710332,no
832286024,35.704177,139.710400,no
428007091,35.708260,139.723058,no
1093946743,35.708175,139.723015,no
4771522076,35.708098,139.722978,no
1093856784,35.707835,139.722855,no
428007096,35.707595,139.722751,no
1093883137,35.707682,139.722481,no
428007100,35.707788,139.722143,no
428007081,35.707938,139.721677,no
1093856539,35.709505,139.721073,no
1093856458,35.709682,139.720648,no
2658755406,35.709710,139.720656,no
1093856727,35.709945,139.720728,no
1093856440,35.710108,139.720468,no
1093856702,35.710228,139.720310,no
1093856408,35.710394,139.720143,no
1093856679,35.710651,139.719969,no
1093856398,35.711026,139.719752,yes
1093856601,35.711284,139.713135,no
1093856538,35.711091,139.713009,no
1093856426,35.711138,139.712904,no
1093856936,35.710779,139.712687,no
1093856828,35.710701,139.712638,no
5035897772,35.710618,139.712619,no
1093856751,35.710498,139.712554,no
1093725300,35.710471,139.713779,no
1093725282,35.710237,139.713722,no
1093725246,35.709931,139.713657,no
1093725353,35.710799,139.713810,no
1093856967,35.710599,139.714954,no
5892004250,35.710291,139.714876,no
1093725318,35.710039,139.716301,no
1177182800,35.710324,139.716387,no
1177182804,35.710285,139.716620,no
1093469771,35.710162,139.713159,no
1093725228,35.710243,139.713188,no
1093771047,35.710447,139.713258,no
1093725342,35.710532,139.713290,no
1093725187,35.710539,139.713319,no
1177182746,35.710482,139.713736,no
1093725300,35.710471,139.713779,no
1093725338,35.710400,139.714195,no
1093725256,35.710329,139.714646,no
5892004250,35.710291,139.714876,no
1093771054,35.710222,139.715292,no
1093725328,35.710181,139.715528,no
1093725366,35.710133,139.715811,no
1093725318,35.710039,139.716301,no
1096527873,35.710631,139.707502,no
1189065298,35.710652,139.707417,no
1189065293,35.710582,139.707218,no
1189065299,35.710704,139.707079,no
1306888920,35.703713,139.721778,no
1306889035,35.704059,139.721391,no
1306889068,35.704168,139.721291,no
1306888927,35.704199,139.721270,no
1306889040,35.704306,139.721342,no
1306889012,35.703562,139.721579,no
1306888920,35.703713,139.721778,no
1306888981,35.704072,139.722234,no
1306888997,35.702891,139.722358,no
1306888971,35.703116,139.722678,no
1306889087,35.703237,139.722814,no
1306889077,35.703323,139.722857,no
1306889139,35.703526,139.722976,no
1306889176,35.703588,139.722894,no
1306888976,35.703755,139.722675,no
5892004363,35.703945,139.722428,no
5892004364,35.704004,139.722316,no
1306888981,35.704072,139.722234,no
1306888938,35.704170,139.722131,no
1306889031,35.704409,139.721875,no
1306889097,35.704617,139.721649,no
1306888962,35.703968,139.726740,no
2397996043,35.703951,139.726639,no
1306889109,35.703888,139.726258,no
1609990546,35.703853,139.725982,no
2611829965,35.703815,139.725687,no
1094160966,35.703751,139.725191,no
1094160933,35.703777,139.725052,no
4506648493,35.703861,139.724836,no
4506648491,35.703948,139.724612,no
1306888934,35.704000,139.724480,no
4506648489,35.704106,139.724291,no
1306889051,35.704169,139.724179,no
2296552636,35.704276,139.724047,no
1306889045,35.704494,139.723753,no
1306888982,35.704663,139.723551,no
1306889027,35.704886,139.723250,no
1306888894,35.705072,139.722910,no
1306889038,35.705112,139.722825,no
1140870742,35.705629,139.721867,no
1306888938,35.704170,139.722131,no
1306889055,35.704350,139.722361,no
1306888917,35.704532,139.722045,no
1306889031,35.704409,139.721875,no
1306889035,35.704059,139.721391,no
1306889092,35.703914,139.721197,no
1306889038,35.705112,139.722825,no
1306888906,35.704586,139.722409,no
1933428445,35.708989,139.712183,no
1933428444,35.709064,139.712133,no
1933428442,35.709113,139.712114,no
1096527426,35.709200,139.712007,no
1933429410,35.708817,139.712475,no
1933429411,35.708724,139.712432,no
2039903996,35.710732,139.707796,no
2039903994,35.710648,139.708117,no
2039903991,35.710572,139.708337,no
2099138596,35.706038,139.718367,no
2099138598,35.705930,139.718721,no
2099138602,35.705768,139.719162,no
2099138609,35.705698,139.719403,no
2099138597,35.705609,139.719473,no
2099138589,35.705532,139.719398,no
2099138609,35.705698,139.719403,no
5936558323,35.705958,139.719633,no
5924091850,35.705988,139.719660,no
252052968,35.706038,139.719703,no
1093469963,35.706704,139.718827,yes
2848912108,35.706658,139.718768,yes
393130751,35.706577,139.718637,no
393130752,35.706461,139.718253,no
3252352695,35.706440,139.718137,no
393130753,35.706419,139.717974,no
393130755,35.706405,139.717589,no
393130756,35.706450,139.717119,no
5922562747,35.706454,139.717104,no
393130757,35.706568,139.716662,no
2621323860,35.706629,139.716490,no
5922051191,35.706651,139.716442,no
832286008,35.706734,139.716265,no
5922051190,35.706795,139.716178,no
393130760,35.707217,139.715589,no
393130761,35.707378,139.715287,no
1094679544,35.707398,139.715237,no
393130762,35.707468,139.715064,no
1096527166,35.707526,139.714829,no
393130764,35.707598,139.714496,no
393130765,35.707705,139.713982,no
1096527361,35.707774,139.713652,no
1096526866,35.707780,139.713620,no
393130766,35.707866,139.713171,no
1096526867,35.707965,139.712675,no
1096527476,35.708031,139.712300,no
1096527914,35.708071,139.712094,no
1093725241,35.708088,139.712010,no
393130767,35.708103,139.711922,no
393130768,35.708242,139.711155,no
393130769,35.708338,139.710675,no
2153714752,35.708368,139.710486,no
393130770,35.708377,139.710274,no
1096527881,35.708388,139.710064,no
1093725482,35.708403,139.709534,no
2393573031,35.708409,139.709295,no
1093685806,35.708412,139.709183,yes
2238497066,35.708427,139.709080,no
2099138605,35.705779,139.718424,no
2099138599,35.705988,139.718364,no
2099138596,35.706038,139.718367,no
2099138590,35.706177,139.718369,no
2099138600,35.706214,139.718397,no
2099138595,35.706263,139.718538,no
2099138592,35.706380,139.718678,no
5924091855,35.706517,139.718798,no
2099138604,35.706578,139.718849,no
2099138611,35.706432,139.719021,no
5924091856,35.706385,139.718979,no
2099138593,35.706164,139.718785,no
2099138616,35.706120,139.718805,no
2099138598,35.705930,139.718721,no
1093725403,35.708440,139.711193,no
1093725385,35.708431,139.710860,no
393130769,35.708338,139.710675,no
1097993381,35.708835,139.705854,no
2153714763,35.708798,139.705868,no
2153714761,35.708742,139.705858,no
2153714760,35.708702,139.705820,no
2153714770,35.709160,139.704179,no
2153714768,35.709098,139.704287,no
2153714765,35.709052,139.704316,no
2153714764,35.709009,139.704328,no
1097906635,35.708964,139.704318,no
2195288108,35.704118,139.715443,no
2195288129,35.704462,139.715450,no
2195288058,35.704461,139.715616,no
2195288150,35.702591,139.715226,no
2195287989,35.702637,139.714845,no
2195288019,35.702808,139.714377,no
2195288114,35.702957,139.714022,no
2195288119,35.702985,139.714019,no
2195288106,35.703025,139.714037,no
2196827024,35.703231,139.714159,no
2195288144,35.703321,139.714212,no
2195288035,35.703440,139.714259,no
2195287991,35.703639,139.714303,no
2195288084,35.704172,139.714406,no
2195288082,35.704200,139.714428,no
2195288039,35.704211,139.714462,no
2195288052,35.704213,139.714513,no
2195288108,35.704118,139.715443,no
2195288040,35.704100,139.715614,no
2195288115,35.704080,139.715696,no
2195288157,35.704020,139.715859,no
2195288129,35.704462,139.715450,no
2195288025,35.704471,139.714881,no
2196826971,35.703431,139.711428,no
2196826936,35.703672,139.711489,no
2196826808,35.703828,139.711519,no
2196827003,35.703927,139.711507,no
2196826927,35.704386,139.711432,no
2196826828,35.704419,139.711402,no
2196826939,35.704440,139.711347,no
2196826921,35.704466,139.711259,no
2196827006,35.703849,139.710948,no
2196826972,35.703885,139.711260,no
2196826895,35.704325,139.711188,no
2196827003,35.703927,139.711507,no
2196826967,35.703972,139.711883,no
2196827014,35.703978,139.712227,no
2196827012,35.704035,139.712772,no
3193716068,35.704255,139.712827,no
2196829258,35.704244,139.712888,no
2196829262,35.704229,139.712989,no
2196829288,35.704277,139.713194,no
2196829292,35.704297,139.713373,no
2196829306,35.704293,139.713440,no
2196829244,35.704292,139.713522,no
2196829268,35.704282,139.713611,no
2196829284,35.704258,139.713695,no
2196829255,35.704218,139.713760,no
2196829279,35.704101,139.713833,no
2196829301,35.704065,139.713850,no
2196829269,35.704017,139.713872,no
2196829243,35.703958,139.713895,no
2196829289,35.703906,139.713906,no
2196829271,35.703859,139.713918,no
2196829272,35.703823,139.713919,no
2196829266,35.703803,139.713910,no
2196829303,35.703739,139.713910,no
2196829309,35.703667,139.713913,no
2196829257,35.703638,139.714238,no
2195287991,35.703639,139.714303,no
3193716071,35.706389,139.716201,no
5922560964,35.706394,139.716162,no
2196829315,35.706399,139.716129,no
2196829270,35.706417,139.715935,no
2196829259,35.706404,139.715844,no
2196829241,35.706351,139.715621,no
2196829281,35.706295,139.715480,no
2196829310,35.706192,139.715295,no
2196829283,35.706123,139.715168,no
2196829311,35.706052,139.715018,no
2196829251,35.705967,139.714804,no
2196829294,35.705894,139.714599,no
2196829313,35.705854,139.714444,no
5889448675,35.705834,139.714346,no
2196829267,35.705823,139.714291,no
2196829299,35.705795,139.714188,no
2196829265,35.705747,139.714121,no
5923347794,35.705685,139.714025,no
5923347793,35.705619,139.713880,no
5923347792,35.705557,139.713627,no
2196829305,35.705505,139.713590,no
2196829260,35.705569,139.713395,no
2196829300,35.705525,139.713352,no
1094262882,35.705379,139.713254,no
5889321097,35.703457,139.713910,no
5889321098,35.703485,139.713832,no
5889321099,35.703544,139.713821,no
2196829309,35.703667,139.713913,no
2196829275,35.703669,139.713833,no
2196829293,35.703666,139.713758,no
2196829314,35.703726,139.713770,no
2196829256,35.703839,139.713757,no
2196829278,35.703918,139.713706,no
2196829245,35.703977,139.713648,no
2196829308,35.704006,139.713546,no
2196829316,35.703995,139.713470,no
2196829264,35.703948,139.713376,no
2196829307,35.703916,139.713345,no
2196829296,35.703860,139.713319,no
2196829297,35.703787,139.713285,no
2196829277,35.703720,139.713286,no
2196829246,35.703640,139.713288,no
2196829247,35.703574,139.713324,no
2196829280,35.703538,139.713366,no
2196829274,35.703511,139.713412,no
5889304194,35.703497,139.713453,no
2196829250,35.703501,139.713516,no
2196829263,35.703506,139.713567,no
2196829273,35.703523,139.713628,no
2196829312,35.703564,139.713682,no
2196829298,35.703630,139.713736,no
2196829254,35.703645,139.713746,no
3193716070,35.705522,139.711724,no
2196829286,35.705562,139.711731,no
2196829287,35.705602,139.711744,no
2196829290,35.705637,139.711787,no
2196829248,35.705679,139.711880,no
2196829282,35.705716,139.711989,no
2196829242,35.705728,139.712075,no
2196829249,35.705719,139.712344,no
2196829253,35.705706,139.712695,no
2196829252,35.705641,139.713046,no
2196829291,35.705585,139.713343,no
2196829260,35.705569,139.713395,no
5923347810,35.705525,139.713529,no
2196829305,35.705505,139.713590,no
5923347812,35.705465,139.713569,no
5909352284,35.705235,139.713462,no
2196829261,35.705152,139.713411,no
2196829276,35.704851,139.713258,no
5933198342,35.704796,139.713238,no
5933198344,35.704782,139.713234,no
2234986316,35.709312,139.716486,yes
2701412175,35.709334,139.716444,no
2234986299,35.709353,139.716401,yes
252052974,35.709367,139.716363,no
2701412178,35.709389,139.716282,no
1096526806,35.709420,139.716168,no
2701412181,35.709447,139.716050,no
1096527259,35.709502,139.715785,no
1096527455,35.709589,139.715329,no
252052975,35.709682,139.714796,no
1096526690,35.709723,139.714530,no
2527599372,35.709848,139.713766,no
1096527337,35.709897,139.713567,no
252052976,35.709950,139.713424,no
252052977,35.710071,139.713195,no
660682404,35.710493,139.712451,no
3817871247,35.710843,139.711825,no
252052978,35.711071,139.711387,no
1093469951,35.711235,139.710956,no
1093725474,35.711303,139.710765,no
1685221108,35.711395,139.710355,no
2393573055,35.711431,139.710181,no
1093685736,35.711445,139.710057,yes
1093469981,35.709425,139.716441,yes
2701412183,35.709486,139.716469,no
1093725449,35.709750,139.716550,no
1093725423,35.709959,139.716616,no
1177182807,35.710267,139.716716,no
2701412212,35.710355,139.716743,no
1093626546,35.710817,139.716866,yes
1093626483,35.711524,139.717051,no
2701412231,35.711715,139.717082,no
2396871126,35.712180,139.717206,no
1093626801,35.712277,139.717232,yes
4622812200,35.712333,139.717251,no
2449114752,35.712360,139.717261,no
2234986326,35.712423,139.717282,yes
1093626336,35.712253,139.717333,yes
2396871123,35.712156,139.717310,no
1093856464,35.711502,139.717141,no
1093626427,35.710799,139.716958,yes
2701412211,35.710337,139.716835,no
2701412209,35.710181,139.716787,no
1093626281,35.709794,139.716660,no
1094048772,35.709510,139.716570,no
2701412182,35.709454,139.716553,no
1093626382,35.709386,139.716525,yes
2234986316,35.709312,139.716486,yes
2235081825,35.708783,139.721074,no
2848912124,35.708561,139.721771,no
2848912123,35.708521,139.721918,no
1093856579,35.708486,139.722068,no
428007087,35.708393,139.722503,no
2235081831,35.708770,139.720910,no
2235081810,35.708792,139.720931,no
2235081802,35.708807,139.720960,no
2235081826,35.708813,139.720993,no
1093856395,35.708812,139.721016,no
2235081812,35.708802,139.721048,no
2235081825,35.708783,139.721074,no
428007079,35.707625,139.721309,no
428007106,35.708141,139.720470,no
2235081825,35.708783,139.721074,no
428007052,35.708760,139.721091,no
2235081824,35.708732,139.721096,no
2235081828,35.708705,139.721090,no
2235081800,35.708694,139.721085,no
2235081821,35.708681,139.721073,no
2235081799,35.708661,139.721041,no
2235081801,35.708653,139.721008,no
2235081806,35.708655,139.720974,no
2235081803,35.708666,139.720942,no
2235081832,35.708685,139.720918,no
428007061,35.708716,139.720900,no
2235081822,35.708744,139.720899,no
2235081831,35.708770,139.720910,no
1093469963,35.706704,139.718827,yes
823729844,35.706758,139.718902,no
823729733,35.707018,139.719296,no
2153714741,35.707101,139.719397,no
2848912111,35.707175,139.719466,no
2848912112,35.707282,139.719545,no
2153714748,35.707327,139.719571,no
823729810,35.707495,139.719667,no
2848912113,35.707558,139.719713,no
5892004281,35.707602,139.719755,no
823729968,35.707615,139.719768,no
2848912116,35.707891,139.720108,no
823729792,35.707970,139.720229,no
2848912119,35.708054,139.720360,no
428007106,35.708141,139.720470,no
2848912120,35.708202,139.720530,no
832286020,35.708562,139.720769,no
2848912125,35.708634,139.720804,no
2848912126,35.708673,139.720829,no
2235081831,35.708770,139.720910,no
1093469963,35.706704,139.718827,yes
2848912107,35.706638,139.718904,no
3817871243,35.706522,139.719019,no
1093469874,35.706485,139.719063,no
2848912105,35.706342,139.719298,no
2153714739,35.706125,139.719676,no
2848912103,35.706079,139.719765,no
2153714736,35.706043,139.719850,no
1093469983,35.706010,139.719958,yes
428007087,35.708393,139.722503,no
4771522668,35.708360,139.722640,no
428007091,35.708260,139.723058,no
428007054,35.707966,139.724273,yes
1093883339,35.707828,139.724795,no
823729966,35.707702,139.725209,no
823729907,35.707571,139.725790,no
260567148,35.707526,139.726257,no
2397996017,35.707500,139.726734,no
260563443,35.707492,139.726883,yes
1731350139,35.707481,139.727011,no
2397996079,35.707471,139.727159,no
1093883139,35.707414,139.727917,no
5961644099,35.707402,139.728452,no
260563447,35.707393,139.728805,no
260563449,35.707400,139.729301,no
260563450,35.707412,139.729884,no
260563452,35.707417,139.730739,no
260563389,35.707420,139.731195,no
4506741696,35.707419,139.731282,no
2238497066,35.708427,139.709080,no
2393573014,35.708431,139.708964,no
1096527807,35.708453,139.708468,no
1096527807,35.708453,139.708468,no
1097906610,35.708437,139.708197,no
2238497065,35.708428,139.708067,no
1097906548,35.708414,139.707504,yes
393130776,35.708449,139.707188,no
1115329137,35.708512,139.706890,no
1096526739,35.708610,139.706532,no
393130777,35.708670,139.706045,no
2153714760,35.708702,139.705820,no
1097935066,35.708729,139.705627,no
1096527236,35.708828,139.705035,no
1097906635,35.708964,139.704318,no
5091969134,35.709082,139.703788,no
2153714772,35.709203,139.703513,no
5091969135,35.709264,139.703332,yes
475369369,35.703488,139.721659,no
1306889012,35.703562,139.721579,no
1306889092,35.703914,139.721197,no
475369364,35.704211,139.720856,no
1094678428,35.704783,139.720622,no
1140870669,35.705314,139.720391,no
1093469823,35.705886,139.720193,yes
1093469903,35.705946,139.720193,yes
1094048927,35.709342,139.717973,no
2296669004,35.709307,139.718424,no
2296669020,35.709046,139.718401,no
1094048436,35.708932,139.718373,no
1094048445,35.708682,139.718314,no
1094048771,35.708638,139.718201,no
1094048796,35.708368,139.718279,no
1675929287,35.708276,139.718334,no
1094048557,35.708216,139.718472,no
1094048971,35.707939,139.718574,no
832285995,35.708139,139.721526,no
2449114764,35.708010,139.721382,no
2449114765,35.707697,139.721374,no
2611839363,35.707222,139.717485,no
2611839362,35.706906,139.718315,no
5924091837,35.706742,139.718535,no
5924091838,35.706701,139.718591,no
1093856458,35.709682,139.720648,no
2658755397,35.709698,139.720305,no
2658755403,35.709706,139.720228,no
2658755399,35.709699,139.720168,no
2658755404,35.709707,139.720132,no
2658755480,35.710060,139.719755,no
2658755495,35.710135,139.719635,no
2658755498,35.710159,139.719438,no
2658755499,35.710172,139.719279,no
2658755587,35.710415,139.719198,no
2658755631,35.710693,139.719176,no
2658755702,35.710913,139.719561,no
2658755682,35.710851,139.719602,no
2658755660,35.710782,139.719625,no
2658755621,35.710626,139.719662,no
2658755599,35.710498,139.719744,no
2658755569,35.710404,139.719801,no
2658755533,35.710322,139.719840,no
2658755508,35.710215,139.719926,no
2658755489,35.710126,139.719998,no
2658755483,35.710067,139.720115,no
2658755465,35.709977,139.720243,no
2658755443,35.709881,139.720386,no
2658755427,35.709818,139.720460,no
2658755420,35.709785,139.720480,no
2658755406,35.709710,139.720656,no
1093856586,35.710053,139.721330,no
2658755526,35.710312,139.720387,no
2658755626,35.710646,139.720526,no
2658755716,35.710965,139.720674,no
2658755762,35.711230,139.720793,no
1093856679,35.710651,139.719969,no
2658755647,35.710732,139.720168,no
2658755699,35.710901,139.720407,no
2658755718,35.710984,139.720446,no
444328985,35.711036,139.720503,no
2701412209,35.710181,139.716787,no
2701412205,35.710113,139.717143,no
1096527860,35.709601,139.706311,no
2955920351,35.709337,139.706212,no
3084665493,35.707819,139.716412,no
3084665492,35.707816,139.716702,no
3084665491,35.707747,139.716721,no
3084665490,35.707731,139.716672,no
3084665487,35.707666,139.716686,no
3084665485,35.707637,139.716557,no
3084665483,35.707531,139.716557,no
3084665482,35.707518,139.716309,no
3084665486,35.707658,139.716299,no
3084665488,35.707712,139.716295,no
3084665489,35.707714,139.716410,no
3084665481,35.707497,139.716311,no
3084665479,35.707409,139.716319,no
3084665479,35.707409,139.716319,no
3084665476,35.707273,139.716330,no
3084665486,35.707658,139.716299,no
3084665482,35.707518,139.716309,no
3084665481,35.707497,139.716311,no
1096526843,35.708242,139.716728,no
3084665499,35.708154,139.716761,no
3084665494,35.707867,139.716760,no
3084665492,35.707816,139.716702,no
3084665487,35.707666,139.716686,no
3084665484,35.707634,139.716732,no
3084665480,35.707453,139.716802,no
3084665477,35.707390,139.716579,no
3084665483,35.707531,139.716557,no
3166576516,35.709232,139.716498,no
3166576517,35.709298,139.716402,no
3166576518,35.709392,139.716129,no
3166576519,35.709575,139.715213,no
3166576520,35.709634,139.714857,no
3166576521,35.709822,139.713744,no
3166576522,35.709912,139.713436,no
3166576523,35.710035,139.713185,no
3166576524,35.710140,139.713004,no
3193716073,35.710479,139.712415,no
3166576547,35.710504,139.712370,no
3166576525,35.710530,139.712325,no
3166576526,35.710880,139.711699,no
3166576527,35.711034,139.711404,no
3166576528,35.711131,139.711133,no
3166576529,35.711266,139.710763,no
3809762411,35.711269,139.710753,no
3166576530,35.711281,139.710721,no
3166576531,35.711333,139.710533,no
3166576532,35.711391,139.710167,no
3166576533,35.711331,139.710087,no
2099138615,35.709718,139.712698,no
1093469876,35.710081,139.712515,no
1093469818,35.710426,139.712345,no
3252352695,35.706440,139.718137,no
5922560973,35.706505,139.718118,no
3252352696,35.706572,139.718096,no
5921990788,35.706585,139.718060,no
3252352697,35.706640,139.717816,no
3809762383,35.700991,139.707632,no
3809762382,35.700974,139.707825,no
3809762384,35.701068,139.707937,no
2393573011,35.701993,139.708109,no
2393573008,35.703447,139.708373,no
3800486860,35.704226,139.708444,no
3809762385,35.704345,139.708465,no
3809762388,35.704872,139.708528,no
3809762390,35.705368,139.708588,no
1114945014,35.706064,139.708689,no
4666465623,35.706773,139.708788,no
3809762392,35.707018,139.708811,no
3809762394,35.708279,139.708993,no
3809762397,35.708361,139.708963,no
3809762398,35.708371,139.708192,no
3800486831,35.703805,139.708632,no
3800486926,35.704197,139.708688,no
2393573029,35.704549,139.708739,no
3809762386,35.704785,139.708769,no
3809762387,35.704847,139.708777,no
3809762389,35.705163,139.708818,no
3809762391,35.705461,139.708854,no
1114945019,35.706042,139.708934,no
1115329109,35.707075,139.709070,no
5894092146,35.707204,139.709086,no
3809762393,35.708266,139.709216,no
3809762396,35.708337,139.709297,no
3809762395,35.708321,139.709940,no
3800486860,35.704226,139.708444,no
2393573039,35.704215,139.708538,no
2393573018,35.704204,139.708631,no
3800486926,35.704197,139.708688,no
3809762401,35.708511,139.708966,no
2393573014,35.708431,139.708964,no
3809762397,35.708361,139.708963,no
3809762400,35.708490,139.709291,no
2393573031,35.708409,139.709295,no
3809762396,35.708337,139.709297,no
3809762404,35.708547,139.709041,no
2393573025,35.708538,139.709099,no
2393573033,35.708523,139.709203,no
3809762402,35.708517,139.709249,no
3809762388,35.704872,139.708528,no
2393573010,35.704862,139.708624,no
2393573042,35.704857,139.708714,no
3809762387,35.704847,139.708777,no
3809762393,35.708266,139.709216,no
2393573051,35.708269,139.709165,no
2393573013,35.708275,139.709061,no
3809762394,35.708279,139.708993,no
3809762399,35.708478,139.709562,no
3809762400,35.708490,139.709291,no
3809762402,35.708517,139.709249,no
3809762407,35.709589,139.709570,no
3809762408,35.710163,139.709740,no
3166576533,35.711331,139.710087,no
3809762403,35.708530,139.708483,no
3809762401,35.708511,139.708966,no
3809762404,35.708547,139.709041,no
3809762405,35.709139,139.709216,no
3809762406,35.709367,139.709281,no
3809762409,35.710203,139.709539,no
3809762410,35.711091,139.709785,no
3166576534,35.711381,139.709871,no
1093469981,35.709425,139.716441,yes
2701412179,35.709408,139.716483,no
1093626382,35.709386,139.716525,yes
2701412176,35.709344,139.716591,no
2527599371,35.709248,139.716698,no
1093469941,35.709072,139.716839,no
1094048779,35.708874,139.716975,no
1094048547,35.708739,139.717062,no
1094049029,35.708490,139.717222,no
1094048734,35.708263,139.717364,no
1093469847,35.708114,139.717464,no
1093469964,35.707627,139.717851,no
2848912110,35.706777,139.718741,no
1093469963,35.706704,139.718827,yes
1140870957,35.705955,139.719928,yes
2848912102,35.705991,139.719818,no
252052968,35.706038,139.719703,no
5930832792,35.706358,139.719142,no
2848912106,35.706373,139.719115,no
2099138611,35.706432,139.719021,no
2099138604,35.706578,139.718849,no
5924091851,35.706588,139.718839,no
2848912108,35.706658,139.718768,yes
2848912109,35.706747,139.718671,no
3817871244,35.707467,139.717908,no
252052971,35.707600,139.717780,no
252052972,35.708069,139.717437,no
1096527802,35.708397,139.717205,no
1096527441,35.708902,139.716863,no
1093469846,35.708990,139.716800,no
2701412171,35.709151,139.716668,no
252052973,35.709282,139.716527,no
2234986316,35.709312,139.716486,yes
1093685697,35.711518,139.710079,yes
2393573034,35.711495,139.710203,no
1093685750,35.711424,139.710545,no
1093469891,35.711346,139.710852,no
1093469973,35.711142,139.711403,no
1093725274,35.710781,139.712058,no
1093469840,35.710574,139.712429,no
1093856751,35.710498,139.712554,no
1093771076,35.710385,139.712764,no
1093469771,35.710162,139.713159,no
1093469787,35.710007,139.713460,no
1093469930,35.709963,139.713548,no
1093725246,35.709931,139.713657,no
1093771049,35.709850,139.714084,no
1093771050,35.709769,139.714542,no
1093771051,35.709676,139.715138,no
1093771079,35.709622,139.715445,no
1093771077,35.709581,139.715677,no
2701412184,35.709516,139.716018,no
2701412180,35.709443,139.716381,no
1093469981,35.709425,139.716441,yes
277836361,35.704109,139.733100,no
2153714702,35.704109,139.732980,no
304614119,35.704151,139.732738,no
304614124,35.704216,139.732364,no
2153714708,35.704247,139.732203,no
1074739619,35.704360,139.731582,no
304614130,35.704401,139.731373,no
304614136,35.704477,139.730952,no
2153714712,35.704490,139.730893,no
304614138,35.704507,139.730839,no
304614143,35.704611,139.730731,no
304613519,35.704688,139.730670,no
2153714723,35.704733,139.730621,no
2153714726,35.704766,139.730551,no
1093469825,35.704784,139.730369,no
304613522,35.704732,139.728829,no
2954043482,35.704728,139.728744,no
1306889059,35.704710,139.728296,no
304613523,35.704703,139.728116,no
304613524,35.704673,139.727172,no
304613508,35.704653,139.726943,no
2397996073,35.704735,139.726715,no
304613525,35.704789,139.726562,no
1306888891,35.704834,139.726446,no
260571006,35.705125,139.725688,no
260571007,35.705282,139.725302,no
2954694853,35.705306,139.725205,no
260571008,35.705336,139.725079,no
2153714733,35.705360,139.724967,no
823729851,35.705415,139.724515,yes
1177043046,35.705438,139.724326,yes
260571009,35.705446,139.724262,no
5036299168,35.705519,139.723552,no
1093469944,35.705561,139.723140,yes
823729878,35.705699,139.721883,yes
260571011,35.705782,139.721015,no
3817871242,35.705841,139.720493,no
1093469823,35.705886,139.720193,yes
1140870957,35.705955,139.719928,yes
4072665985,35.709106,139.721063,no
4072665986,35.709094,139.721006,no
4072665987,35.708984,139.720521,no
4072665988,35.708858,139.719928,no
4072666490,35.708732,139.719346,no
4072666489,35.708614,139.718796,no
4072666490,35.708732,139.719346,no
4072666491,35.709411,139.719115,no
4072666492,35.709763,139.718997,no
4072666493,35.710207,139.718867,no
475369431,35.710526,139.718771,no
4072666494,35.710574,139.718757,no
823729792,35.707970,139.720229,no
4072666495,35.708241,139.720129,no
4072665988,35.708858,139.719928,no
823729789,35.710530,139.723284,yes
2396864534,35.710574,139.723120,no
1177130187,35.710669,139.722793,no
4162694843,35.710937,139.721827,no
1093469983,35.706010,139.719958,yes
1093469903,35.705946,139.720193,yes
2848912101,35.705917,139.720378,no
1093856756,35.705883,139.720672,no
1093469883,35.705855,139.721027,no
1093856535,35.705806,139.721502,no
1093469819,35.705762,139.721893,yes
1093469844,35.705627,139.723159,yes
1093469972,35.705522,139.724196,no
1177043045,35.705503,139.724387,yes
1093469806,35.705480,139.724524,yes
1093469809,35.705437,139.724963,no
1094130474,35.705417,139.725083,no
1094130518,35.705390,139.725211,no
1093469954,35.705134,139.725908,no
1093469960,35.704844,139.726638,no
2397996049,35.704813,139.726745,no
1093469878,35.704786,139.726839,no
1093469880,35.704754,139.726982,no
2397996072,35.704745,139.727176,no
1093469957,35.704743,139.727239,no
1094104467,35.704762,139.727842,no
1093469893,35.704771,139.728112,no
1094104522,35.704783,139.728493,no
1093469927,35.704795,139.728822,no
1094104897,35.704802,139.729052,no
1093469956,35.704824,139.729691,no
1093469967,35.704853,139.730351,no
2153714732,35.704857,139.730567,no
2153714730,35.704850,139.730639,no
2153714728,35.704833,139.730700,no
1093469879,35.704795,139.730745,no
1093469968,35.704741,139.730785,no
1093469857,35.704614,139.730852,no
1093469922,35.704580,139.730866,no
2153714714,35.704529,139.730924,no
1093469774,35.704515,139.730963,no
2057427572,35.704439,139.731389,no
2057427559,35.704284,139.732219,no
1093469814,35.704188,139.732745,no
2153714705,35.704141,139.732986,no
277836361,35.704109,139.733100,no
1093685736,35.711445,139.710057,yes
2393573009,35.711348,139.710026,no
3817871246,35.710748,139.709859,no
1093725295,35.710168,139.709685,no
3817871245,35.709837,139.709580,no
1093685816,35.708590,139.709215,no
2393573033,35.708523,139.709203,no
1093685806,35.708412,139.709183,yes
2393573051,35.708269,139.709165,no
1097906695,35.707068,139.709003,yes
1114945009,35.706050,139.708868,yes
1115011387,35.705467,139.708788,no
1115011365,35.705168,139.708757,no
2393573042,35.704857,139.708714,no
1094262572,35.704791,139.708709,yes
1093685773,35.704553,139.708679,no
1141096960,35.704330,139.708649,yes
1093685859,35.704317,139.708647,no
2393573018,35.704204,139.708631,no
1093685761,35.703450,139.708530,no
2393573041,35.703364,139.708515,no
3743662724,35.701994,139.708300,no
5923786376,35.701054,139.708150,yes
2393573049,35.701015,139.708144,no
1094547405,35.700890,139.708122,no
2393573043,35.700775,139.708109,no
3800364586,35.699499,139.707864,yes
2393573024,35.698107,139.707594,no
1666084547,35.697982,139.707575,yes
1093685828,35.697889,139.707559,yes
2393573050,35.697777,139.707542,no
2393573017,35.696671,139.707308,no
1093685738,35.696565,139.707285,yes
1093685734,35.695407,139.707053,no
1093685704,35.695050,139.706980,no
1093685732,35.694912,139.706957,yes
1805702535,35.692505,139.705814,yes
2263979140,35.692659,139.705906,no
158030430,35.692908,139.706052,no
3387102826,35.693470,139.706381,no
4716623601,35.693735,139.706517,no
1674562696,35.693767,139.706531,no
472382938,35.693925,139.706570,yes
2393573023,35.694772,139.706767,no
472382857,35.694891,139.706795,yes
2393573022,35.695042,139.706830,no
472382797,35.695230,139.706873,no
1676479121,35.695875,139.707027,no
472382925,35.696512,139.707159,no
2606035810,35.696580,139.707171,yes
2393573030,35.696686,139.707189,no
4371184304,35.696717,139.707195,no
2393573040,35.697791,139.707421,no
158030491,35.697904,139.707439,yes
2606035893,35.698000,139.707455,yes
2393573052,35.698123,139.707474,no
4716325384,35.698610,139.707568,no
3800364571,35.699514,139.707743,yes
472382732,35.699639,139.707767,no
5923786374,35.700714,139.707975,yes
2393573015,35.700785,139.707989,no
1094547212,35.700894,139.708008,no
2393573046,35.701025,139.708031,no
1093685728,35.701986,139.708170,no
2393573019,35.702034,139.708178,no
2393573007,35.703372,139.708413,no
158030532,35.703441,139.708426,no
2393573039,35.704215,139.708538,no
832285994,35.704338,139.708556,yes
832285999,35.704537,139.708582,no
1114992523,35.704798,139.708616,yes
2393573010,35.704862,139.708624,no
1097931942,35.705366,139.708687,no
1114945003,35.706057,139.708772,yes
5894306197,35.706577,139.708844,no
1115329197,35.707016,139.708905,no
1115329145,35.707079,139.708910,yes
2393573013,35.708275,139.709061,no
2238497066,35.708427,139.709080,no
2393573025,35.708538,139.709099,no
252052895,35.708633,139.709125,no
1096527423,35.709103,139.709261,no
1096526949,35.709379,139.709348,no
1685221105,35.710197,139.709582,no
1096527396,35.711080,139.709838,no
2393573021,35.711368,139.709927,no
252052944,35.711460,139.709956,yes
1093469842,35.711530,139.709985,yes
823729789,35.710530,139.723284,yes
2396864511,35.710433,139.723287,no
1094104948,35.710274,139.723281,no
444312750,35.710194,139.723285,no
1094016304,35.709955,139.723287,no
444312749,35.709861,139.723288,no
428007028,35.709529,139.723261,no
1093946729,35.709223,139.723146,no
428007032,35.708769,139.722808,no
4771522074,35.708467,139.722563,no
428007087,35.708393,139.722503,no
1093469983,35.706010,139.719958,yes
1140870957,35.705955,139.719928,yes
1097936213,35.709576,139.706611,no
2955920352,35.709607,139.706594,no
1096527923,35.709723,139.706585,no
1096527840,35.709938,139.706604,no
1096527964,35.710076,139.706621,no
1096528005,35.710097,139.706851,no
1096526982,35.710015,139.707068,no
1097936210,35.709949,139.707228,no
1096527588,35.709847,139.707489,no
1096527053,35.709786,139.707636,no
1096527628,35.709712,139.707906,no
1096526977,35.709683,139.708009,no
1096527737,35.709642,139.708186,no
1096527597,35.709522,139.708535,no
1096526830,35.709448,139.708854,no
3809762406,35.709367,139.709281,no
1096526949,35.709379,139.709348,no
4624468264,35.708218,139.704063,no
4624468265,35.708121,139.704225,no
4666465653,35.708026,139.704339,no
4624468266,35.707861,139.704431,no
4624468267,35.707712,139.704420,no
4624468268,35.707644,139.704458,no
4666465574,35.707573,139.704534,no
5109258777,35.707532,139.704628,no
4624468269,35.707452,139.704726,no
4624468270,35.707379,139.704771,no
4666465640,35.707299,139.704779,no
4624468271,35.706783,139.704768,no
5109258774,35.706736,139.704794,no
4666465279,35.705987,139.703983,no
4666465280,35.705915,139.704132,no
4666465490,35.706324,139.704233,no
4666465493,35.706406,139.704314,no
4666465494,35.706443,139.704361,no
4666465495,35.706457,139.704421,no
4666465496,35.706448,139.704531,no
4666465490,35.706324,139.704233,no
4666465497,35.706435,139.704246,no
4666465498,35.706478,139.704238,no
4666465560,35.706671,139.704167,no
4666465501,35.706728,139.704091,no
4666465502,35.706744,139.704021,no
4666465503,35.706733,139.703931,no
4666465504,35.706688,139.703875,no
4666465505,35.706607,139.703847,no
5109258928,35.706480,139.703877,no
4666465506,35.706304,139.703868,no
4666465533,35.705313,139.703395,no
4666465534,35.705402,139.703519,no
4666465535,35.705516,139.703594,no
4666465536,35.705642,139.703632,no
4666465537,35.705757,139.703650,no
4666465538,35.705884,139.703658,no
4666465539,35.705984,139.703693,no
4666465540,35.706165,139.703766,no
4666465541,35.706252,139.703795,no
4666465542,35.706385,139.703785,no
4666465543,35.706513,139.703777,no
4666465544,35.706843,139.703787,no
4666465545,35.706898,139.703815,no
4666465565,35.706966,139.703894,no
4666465547,35.707001,139.703951,no
4666465548,35.707023,139.704071,no
4666465564,35.707004,139.704143,no
4666465549,35.706971,139.704270,no
4666465550,35.706942,139.704444,no
4666465551,35.706938,139.704522,no
4666465552,35.706954,139.704578,no
4666465553,35.706840,139.704672,no
5109258781,35.706803,139.704664,no
4624468271,35.706783,139.704768,no
4666465554,35.706373,139.704617,no
4666465555,35.706538,139.704572,no
4666465557,35.706665,139.704573,no
4666465558,35.706729,139.704602,no
5109258781,35.706803,139.704664,no
4666465560,35.706671,139.704167,no
5109258779,35.706808,139.704168,no
4666465563,35.706903,139.704200,no
4666465564,35.707004,139.704143,no
5109258781,35.706803,139.704664,no
5109258779,35.706808,139.704168,no
5109258780,35.706865,139.704013,no
4666465565,35.706966,139.703894,no
4666465566,35.707084,139.703855,no
4666465567,35.707249,139.703853,no
4666465568,35.707361,139.703901,no
4666465569,35.707437,139.703969,no
4666465570,35.707515,139.704063,no
4666465571,35.707572,139.704225,no
4666465574,35.707573,139.704534,no
4666465616,35.706898,139.708198,no
4666465624,35.706883,139.708403,no
4666465620,35.706880,139.708475,no
4666465622,35.706840,139.708624,no
4666465623,35.706773,139.708788,no
4666465640,35.707299,139.704779,no
4666465641,35.707304,139.704930,no
4666465661,35.707311,139.705264,no
5109258741,35.707521,139.705523,no
5109258742,35.707640,139.705563,no
4666465644,35.707847,139.705456,no
4666465652,35.707895,139.705433,no
4666465645,35.707964,139.705467,no
4666465660,35.708018,139.705503,no
5109258736,35.708070,139.705466,no
4666465646,35.707954,139.706284,no
5109258743,35.707949,139.706178,no
4666465647,35.707961,139.706032,no
5109258737,35.708040,139.705968,no
5109258738,35.708029,139.705847,no
4666465648,35.708080,139.705823,no
4666465649,35.708084,139.705751,no
4666465590,35.708148,139.705756,no
4666465650,35.708205,139.705761,no
4666465649,35.708084,139.705751,no
5109258735,35.708091,139.705657,no
4666465651,35.708016,139.705619,no
4666465660,35.708018,139.705503,no
4666465653,35.708026,139.704339,no
4666465654,35.708004,139.704549,no
4666465655,35.708038,139.704642,no
4666465656,35.708076,139.704753,no
4666465657,35.708091,139.704832,no
4666465658,35.708094,139.704991,no
4666465659,35.708072,139.705200,no
4666465645,35.707964,139.705467,no
4666465661,35.707311,139.705264,no
4666465672,35.707277,139.705690,no
4666465603,35.707263,139.706029,no
5109258738,35.708029,139.705847,no
4666465668,35.707951,139.705922,no
4666465669,35.707784,139.705924,no
5109258744,35.707676,139.705925,no
4666465671,35.707631,139.705817,no
5109258742,35.707640,139.705563,no
5109258816,35.705213,139.704063,no
4666465673,35.705256,139.704339,no
4666465674,35.705243,139.704794,no
2196829288,35.704277,139.713194,no
5889304193,35.704211,139.713175,no
4777901217,35.704111,139.713066,no
4777901218,35.703950,139.712973,no
5889312134,35.703879,139.712920,no
4777901219,35.703799,139.712860,no
4777901220,35.703629,139.712798,no
4777901321,35.703549,139.712761,no
4777901322,35.703475,139.712726,no
4777901323,35.703246,139.712678,no
4777901324,35.703185,139.712651,no
5889304192,35.703140,139.712463,no
4624468266,35.707861,139.704431,no
4666465654,35.708004,139.704549,no
4666465571,35.707572,139.704225,no
4624468267,35.707712,139.704420,no
4666465650,35.708205,139.705761,no
5109258739,35.708452,139.705775,no
5109258744,35.707676,139.705925,no
4666465601,35.707503,139.706034,no
4666465602,35.707360,139.706055,no
4666465603,35.707263,139.706029,no
4666465604,35.707064,139.706035,no
4666465605,35.706918,139.706099,no
4666465606,35.706860,139.706189,no
4666465607,35.706788,139.706363,no
4666465608,35.706784,139.706575,no
4666465609,35.706814,139.706703,no
4666465675,35.706839,139.706798,no
4666465610,35.706862,139.706927,no
4666465611,35.706848,139.707087,no
4666465612,35.706830,139.707282,no
4666465677,35.706804,139.707449,no
4666465613,35.706793,139.707633,no
4666465614,35.706826,139.707847,no
4666465615,35.706871,139.708039,no
5109258752,35.706881,139.708104,no
4666465616,35.706898,139.708198,no
4666465618,35.707025,139.708306,no
4666465637,35.706710,139.705902,no
5109258775,35.706715,139.705236,no
5109258776,35.706735,139.705169,no
5109258774,35.706736,139.704794,no
5109258820,35.705603,139.704082,no
5109258814,35.705556,139.704052,no
4666465510,35.705501,139.704069,no
4666465511,35.705408,139.704061,no
4666465512,35.705299,139.704119,no
5109258816,35.705213,139.704063,no
4666465513,35.705179,139.703998,no
4666465514,35.705170,139.703937,no
4666465515,35.705067,139.703877,no
4666465516,35.704954,139.703866,no
4666465517,35.704908,139.703916,no
4666465518,35.704876,139.703990,no
4666465519,35.704871,139.704137,no
4666465520,35.704875,139.704241,no
4666465521,35.704897,139.704294,no
4666465522,35.704960,139.704356,no
4666465523,35.705017,139.704367,no
4666465524,35.705111,139.704367,no
4666465525,35.705165,139.704356,no
4666465673,35.705256,139.704339,no
4666465526,35.705328,139.704326,no
4666465527,35.705437,139.704329,no
4666465528,35.705589,139.704382,no
5109258793,35.705656,139.704421,no
4666465529,35.705720,139.704460,no
4666465530,35.705795,139.704515,no
4666465531,35.705851,139.704601,no
4666465532,35.705905,139.704631,no
5109258787,35.706129,139.704641,no
4666465496,35.706448,139.704531,no
4666465286,35.706516,139.704419,no
5109258927,35.706550,139.704297,no
4666465280,35.705915,139.704132,no
4666465281,35.705891,139.704243,no
4666465272,35.705898,139.704372,no
4666465273,35.705939,139.704491,no
4666465274,35.706009,139.704586,no
5109258787,35.706129,139.704641,no
4666465282,35.706217,139.704644,no
4666465283,35.706313,139.704634,no
4666465554,35.706373,139.704617,no
4666465496,35.706448,139.704531,no
4666465269,35.706530,139.704138,no
4666465270,35.706446,139.703978,no
4666465506,35.706304,139.703868,no
4666465277,35.706163,139.703860,no
4666465278,35.706068,139.703912,no
4666465279,35.705987,139.703983,no
5109258927,35.706550,139.704297,no
4666465269,35.706530,139.704138,no
5479657180,35.709457,139.721126,no
5479657183,35.708917,139.721119,no
1094048753,35.708852,139.721321,no
1094048682,35.709091,139.721436,no
1094048602,35.709104,139.721395,no
1094048661,35.709174,139.721429,no
5479657181,35.709249,139.721464,no
5479657182,35.709336,139.721197,no
5479657184,35.709456,139.721174,no
5889312137,35.703838,139.713137,no
5889312133,35.703964,139.713175,no
5889312132,35.704077,139.713234,no
5889312131,35.704136,139.713282,no
5889312130,35.704189,139.713355,no
2196829292,35.704297,139.713373,no
5889316872,35.704467,139.713880,no
5889316871,35.704563,139.713754,no
5889316870,35.704631,139.713661,no
5889316869,35.704657,139.713403,no
5889316868,35.704654,139.713201,no
5933198343,35.704720,139.713230,no
5889316876,35.704064,139.713998,no
5889316875,35.704154,139.714004,no
5889316874,35.704254,139.714014,no
5889316873,35.704374,139.713918,no
5889316872,35.704467,139.713880,no
832286006,35.704513,139.713888,no
5889318990,35.704450,139.712767,no
5889318989,35.704448,139.712893,no
5889318988,35.704605,139.713145,no
5889316868,35.704654,139.713201,no
5889318991,35.704524,139.712754,no
5889318990,35.704450,139.712767,no
2196826825,35.704347,139.712783,no
5889316874,35.704254,139.714014,no
5889321096,35.704208,139.714100,no
5889321095,35.704123,139.714151,no
5889321094,35.704080,139.714176,no
5889321093,35.704014,139.714178,no
5889321092,35.704021,139.714253,no
2196826829,35.704037,139.714355,no
5889375650,35.705530,139.714723,no
5889375649,35.705534,139.714581,no
5889375648,35.705534,139.714347,no
5889375647,35.705532,139.714157,no
5889375646,35.705545,139.714090,no
5923899293,35.705556,139.714085,no
5889375645,35.705574,139.714076,no
5889448627,35.706206,139.714926,no
5889448626,35.706286,139.715120,no
5889448625,35.706367,139.715331,no
5889448635,35.706387,139.715403,no
2196829281,35.706295,139.715480,no
5889448635,35.706387,139.715403,no
5889448634,35.706425,139.715357,no
5889448633,35.706453,139.715286,no
5889448632,35.706453,139.715177,no
5889448631,35.706410,139.715040,no
5889448630,35.706360,139.714941,no
5889448629,35.706309,139.714857,no
5889448628,35.706227,139.714908,no
5889448627,35.706206,139.714926,no
5922443783,35.706126,139.714974,no
5889448672,35.705940,139.714059,no
5889448661,35.705944,139.714197,no
5889448660,35.705955,139.714290,no
5889448676,35.705964,139.714369,no
5889448677,35.706064,139.714406,no
5889448674,35.706015,139.714269,no
5889448673,35.705957,139.714104,no
5889448672,35.705940,139.714059,no
5889448671,35.705905,139.713953,no
5889448670,35.705855,139.713805,no
5889448669,35.705830,139.713719,no
5889448668,35.705822,139.713639,no
5889448667,35.705777,139.713582,no
5889448666,35.705738,139.713530,no
5889448665,35.705824,139.713603,no
5889448664,35.705900,139.713687,no
5889448663,35.705940,139.713777,no
5889448662,35.705945,139.713833,no
5889448629,35.706309,139.714857,no
5889448680,35.706232,139.714728,no
5889448679,35.706178,139.714618,no
5889448678,35.706090,139.714444,no
5889448677,35.706064,139.714406,no
5889448676,35.705964,139.714369,no
5922444385,35.705911,139.714359,no
5889448666,35.705738,139.713530,no
5889449711,35.705735,139.713412,no
5889449710,35.705768,139.713286,no
5889449709,35.705764,139.713073,no
5889449708,35.705845,139.713006,no
5889449707,35.705927,139.712932,no
5889449706,35.705982,139.712887,no
5889449705,35.706002,139.712825,no
5889449704,35.706012,139.712727,no
5889449703,35.706010,139.712685,no
5889449702,35.705970,139.712624,no
5889449701,35.705923,139.712594,no
5889449700,35.705869,139.712574,no
5889449699,35.705823,139.712582,no
5889449698,35.705767,139.712657,no
2196829253,35.705706,139.712695,no
5892004251,35.710592,139.714983,no
5892004252,35.710581,139.715051,no
5892004254,35.711208,139.715246,no
5892004256,35.711216,139.715374,no
5892004253,35.710946,139.716757,no
5892004261,35.707055,139.718562,no
5892004263,35.707045,139.718546,no
5892004262,35.707120,139.718650,no
5892004273,35.707143,139.718683,no
5892004264,35.707220,139.718808,no
2848912112,35.707282,139.719545,no
5892004277,35.707308,139.719488,no
5892004278,35.707441,139.719188,no
5892004279,35.707766,139.719368,no
5892004280,35.707754,139.719438,no
5892004281,35.707602,139.719755,no
2153714748,35.707327,139.719571,no
5892004302,35.707229,139.719738,no
5892004303,35.707466,139.719928,no
1093856573,35.707869,139.720405,no
5892004448,35.704316,139.720756,no
5892004449,35.704286,139.720562,no
5894092146,35.707204,139.709086,no
3773231384,35.707197,139.709180,no
5894092147,35.707174,139.709630,no
5894092148,35.707192,139.709989,no
5894092149,35.707245,139.710295,no
5894092150,35.707282,139.710888,no
5894092151,35.707243,139.711730,no
5894305069,35.706436,139.706728,no
5894305068,35.706093,139.706724,no
5894305067,35.705659,139.706715,no
5894305071,35.706437,139.706484,no
5894305069,35.706436,139.706728,no
5894305070,35.706435,139.706950,no
5894305072,35.706260,139.706968,no
1114854369,35.706263,139.706613,no
5894305073,35.706358,139.705615,no
5894305074,35.706275,139.705614,no
1114854359,35.706263,139.706520,no
5894305078,35.705789,139.707894,no
5894305077,35.705697,139.707892,no
5894305082,35.705792,139.707531,no
5894305081,35.705711,139.707528,no
5894306185,35.705787,139.708141,no
5894305066,35.705788,139.708021,no
5894305078,35.705789,139.707894,no
5894305080,35.705790,139.707711,no
5894305082,35.705792,139.707531,no
5894305084,35.705793,139.707335,no
1114854327,35.705799,139.706596,no
5894306191,35.705816,139.706596,no
5894306190,35.705786,139.706595,no
5894306189,35.705787,139.706507,no
5894306188,35.705492,139.706499,no
5894306187,35.705485,139.706893,no
5894306186,35.705811,139.706901,no
1114854321,35.705800,139.706483,no
5894306193,35.705659,139.706480,no
5894305067,35.705659,139.706715,no
5894306192,35.705658,139.706941,no
5894306197,35.706577,139.708844,no
5894306196,35.706607,139.705578,no
1097931935,35.705429,139.705546,no
5909352280,35.705033,139.713825,no
5909353885,35.705023,139.713934,no
5909352275,35.705029,139.713738,no
5909353894,35.705099,139.713545,no
5909352276,35.705075,139.713746,no
5909353895,35.705129,139.713559,no
5909352282,35.705152,139.713803,no
5909352277,35.705154,139.713760,no
5909352272,35.705098,139.713753,no
5909352276,35.705075,139.713746,no
5909352275,35.705029,139.713738,no
5909352274,35.704971,139.713738,no
5909352273,35.704918,139.713732,no
5909352278,35.704913,139.713769,no
5909352283,35.705444,139.713845,no
5909353900,35.705353,139.713832,no
5909352282,35.705152,139.713803,no
5909352281,35.705150,139.713833,no
5909352280,35.705033,139.713825,no
5909352279,35.704916,139.713808,no
5909352278,35.704913,139.713769,no
5909353905,35.704800,139.713760,no
5909352284,35.705235,139.713462,no
5909353886,35.705187,139.713587,no
5909353899,35.705370,139.713611,no
5909353896,35.705236,139.713611,no
5909353886,35.705187,139.713587,no
5909353895,35.705129,139.713559,no
5909353894,35.705099,139.713545,no
5909353893,35.704931,139.713459,no
5909353892,35.704931,139.713395,no
5909353891,35.704917,139.713381,no
5909353890,35.704877,139.713360,no
5909353889,35.704839,139.713351,no
5909352268,35.705029,139.713116,no
5909352269,35.705003,139.713188,no
5909352270,35.704971,139.713210,no
5909352271,35.704902,139.713217,no
2196829276,35.704851,139.713258,no
5909353889,35.704839,139.713351,no
5909353907,35.704829,139.713411,no
5909353888,35.704830,139.713459,no
5909353906,35.704831,139.713481,no
5909353905,35.704800,139.713760,no
5909353904,35.704792,139.713907,no
5909353885,35.705023,139.713934,no
5909353903,35.705286,139.713966,no
5909353902,35.705332,139.713942,no
5909353901,35.705348,139.713898,no
5909353900,35.705353,139.713832,no
5909353899,35.705370,139.713611,no
5909353898,35.705459,139.713652,no
5909353897,35.705500,139.713658,no
2196829305,35.705505,139.713590,no
4666465611,35.706848,139.707087,no
4666465632,35.706714,139.707076,no
5921983145,35.704059,139.714006,no
5921983144,35.704042,139.714056,no
5921983143,35.703999,139.714062,no
5921983142,35.703973,139.714019,no
5921983141,35.703990,139.713970,no
5921983140,35.704033,139.713963,no
5922443782,35.706088,139.714996,no
2196829311,35.706052,139.715018,no
5922443783,35.706126,139.714974,no
5922443782,35.706088,139.714996,no
5922443784,35.705880,139.714354,no
5889448675,35.705834,139.714346,no
5922444385,35.705911,139.714359,no
5922443784,35.705880,139.714354,no
5922560955,35.706680,139.716575,no
5922560968,35.706690,139.716551,no
5922560967,35.706716,139.716489,no
5922560966,35.706857,139.716239,no
5922560956,35.706644,139.716680,no
5922051189,35.706659,139.716626,no
5922560955,35.706680,139.716575,no
5922560957,35.704725,139.716055,no
5922560958,35.705415,139.716168,no
5922560960,35.705811,139.716101,no
5922560959,35.706018,139.716097,no
5922560961,35.706112,139.716106,no
5922562745,35.706330,139.716149,no
5922560964,35.706394,139.716162,no
5922560963,35.706691,139.716221,no
5922560962,35.706716,139.716217,no
5922560965,35.706759,139.716141,no
5922560966,35.706857,139.716239,no
5922051190,35.706795,139.716178,no
5922560965,35.706759,139.716141,no
5922560975,35.706729,139.718595,no
5924091838,35.706701,139.718591,no
5922560974,35.706644,139.718583,no
5924066232,35.706543,139.718244,no
5922560973,35.706505,139.718118,no
5922560972,35.706482,139.717910,no
5922560971,35.706479,139.717586,no
5922560970,35.706493,139.717318,no
5922560969,35.706515,139.717138,no
5922562746,35.706524,139.717100,no
5924046266,35.706577,139.716889,no
5922560956,35.706644,139.716680,no
5922562745,35.706330,139.716149,no
5922562742,35.706332,139.716134,no
5922562744,35.706368,139.715845,no
5922562743,35.706322,139.715835,no
5922562748,35.706670,139.717095,no
5922562746,35.706524,139.717100,no
5922562747,35.706454,139.717104,no
5923347813,35.705438,139.713929,no
5909352283,35.705444,139.713845,no
5909353898,35.705459,139.713652,no
5923347812,35.705465,139.713569,no
5923347811,35.705469,139.713522,no
5923347810,35.705525,139.713529,no
5923347809,35.705574,139.713533,no
5923347808,35.705624,139.713625,no
5923347807,35.705742,139.713625,no
5923347806,35.705768,139.713646,no
5923347805,35.705755,139.713692,no
5923347804,35.705749,139.713733,no
5923347803,35.705740,139.713770,no
5923347802,35.705722,139.713809,no
5923347801,35.705703,139.713866,no
5923347800,35.705702,139.713915,no
5923347799,35.705712,139.713956,no
5923347798,35.705725,139.713986,no
5923347797,35.705751,139.714016,no
2196829265,35.705747,139.714121,no
5923899300,35.705715,139.714112,no
5889375645,35.705574,139.714076,no
5923347796,35.705550,139.714064,no
5923347795,35.705561,139.713949,no
5909353888,35.704830,139.713459,no
5909353887,35.704873,139.713467,no
5909353893,35.704931,139.713459,no
5922560967,35.706716,139.716489,no
5922051191,35.706651,139.716442,no
5924091839,35.706592,139.716399,no
5924091854,35.706539,139.718773,no
5924091851,35.706588,139.718839,no
2848912107,35.706638,139.718904,no
5924091853,35.706667,139.718943,no
5936558318,35.706003,139.719629,no
5930832791,35.706311,139.719105,no
5924091856,35.706385,139.718979,no
5924091855,35.706517,139.718798,no
5924091854,35.706539,139.718773,no
5924091852,35.706541,139.718725,no
5924091857,35.706526,139.718677,no
5924091847,35.706413,139.718327,no
5924091846,35.706373,139.718185,no
5924091845,35.706349,139.717967,no
5924091844,35.706338,139.717706,no
5924091843,35.706347,139.717455,no
5924091842,35.706378,139.717101,no
5924091841,35.706426,139.716867,no
5924091840,35.706509,139.716620,no
5924091839,35.706592,139.716399,no
5922560974,35.706644,139.718583,no
393130751,35.706577,139.718637,no
5924091857,35.706526,139.718677,no
5930794835,35.706797,139.718853,no
823729844,35.706758,139.718902,no
5930794836,35.706736,139.718930,no
5930794839,35.706105,139.719889,no
5930794840,35.706107,139.719848,no
5930794841,35.706139,139.719760,no
5930794838,35.706490,139.719146,no
5930794842,35.706541,139.719079,no
5924091853,35.706667,139.718943,no
5930794837,35.706701,139.718925,no
5930794836,35.706736,139.718930,no
5930832793,35.706082,139.718928,no
5930832790,35.706297,139.719094,no
5930832791,35.706311,139.719105,no
5930832792,35.706358,139.719142,no
5933198344,35.704782,139.713234,no
832286019,35.704753,139.713232,no
5933198343,35.704720,139.713230,no
5933200897,35.704779,139.712932,no
5933200896,35.704742,139.713072,no
5933200898,35.704728,139.713124,no
1094262785,35.704949,139.712303,no
5933200897,35.704779,139.712932,no
5936533060,35.705942,139.719788,no
2848912102,35.705991,139.719818,no
2153714736,35.706043,139.719850,no
5930794839,35.706105,139.719889,no
5936558319,35.705978,139.719681,no
5924091850,35.705988,139.719660,no
5936558318,35.706003,139.719629,no
5924091848,35.705812,139.720118,no
5924091849,35.705846,139.720075,no
5936533060,35.705942,139.719788,no
5936558319,35.705978,139.719681,no
